-- phpMyAdmin SQL Dump
-- version 5.2.1
-- https://www.phpmyadmin.net/
--
-- Host: 127.0.0.1
-- Generation Time: Aug 18, 2024 at 07:27 AM
-- Server version: 10.4.28-MariaDB
-- PHP Version: 7.4.27

SET SQL_MODE = "NO_AUTO_VALUE_ON_ZERO";
START TRANSACTION;
SET time_zone = "+00:00";


/*!40101 SET @OLD_CHARACTER_SET_CLIENT=@@CHARACTER_SET_CLIENT */;
/*!40101 SET @OLD_CHARACTER_SET_RESULTS=@@CHARACTER_SET_RESULTS */;
/*!40101 SET @OLD_COLLATION_CONNECTION=@@COLLATION_CONNECTION */;
/*!40101 SET NAMES utf8mb4 */;

--
-- Database: `rumah_makan`
--

-- --------------------------------------------------------

--
-- Table structure for table `activity_log`
--

CREATE TABLE `activity_log` (
  `id` int(11) NOT NULL,
  `user_id` int(11) DEFAULT NULL,
  `activity` varchar(255) DEFAULT NULL,
  `description` text DEFAULT NULL,
  `timestamp` datetime DEFAULT NULL
) ENGINE=InnoDB DEFAULT CHARSET=utf8mb4 COLLATE=utf8mb4_general_ci;

--
-- Dumping data for table `activity_log`
--

INSERT INTO `activity_log` (`id`, `user_id`, `activity`, `description`, `timestamp`) VALUES
(1, 28, 'login', 'User logged in.', '2024-08-12 12:11:08'),
(2, 28, 'login', 'User logged in.', '2024-08-12 12:17:31'),
(3, 28, 'login', 'User logged in.', '2024-08-12 12:18:05'),
(4, 28, 'logout', 'User logged out.', '2024-08-12 12:19:35'),
(5, 28, 'login', 'User logged in.', '2024-08-12 12:19:47'),
(6, 28, 'Transaction', 'User Has Made a Transaction.', '2024-08-12 12:26:51'),
(7, 28, 'Updated', 'User Has Updated The transaction.', '2024-08-12 12:29:16'),
(8, 28, 'Cancel', 'User Has Cancel The transaction.', '2024-08-12 12:30:54'),
(9, 28, 'Updated', 'User Has Updated The transaction.', '2024-08-12 12:37:53'),
(10, 28, 'Finnish', 'User Has Completed The transaction.', '2024-08-12 12:38:54'),
(11, 28, 'Updated', 'User Has Updated The transaction.', '2024-08-12 12:42:00'),
(12, 28, 'Updated', 'User Has Updated The transaction.', '2024-08-12 12:42:42'),
(13, 28, 'Updated', 'User Has Updated The transaction.', '2024-08-12 12:43:09'),
(14, 28, 'Updated', 'User Has Updated The transaction.', '2024-08-12 12:43:11'),
(15, 28, 'Updated', 'User Has Updated The transaction.', '2024-08-12 12:43:15'),
(16, 28, 'Updated', 'User Has Updated The transaction.', '2024-08-12 12:43:27'),
(17, 28, 'Updated', 'User Has Updated The transaction.', '2024-08-12 12:44:11'),
(18, 28, 'Menu', 'User Has Deleted a Menu.', '2024-08-12 12:50:13'),
(19, 28, 'Drink', 'User Has Deleted a Drink.', '2024-08-12 12:57:01'),
(20, 28, 'Menu', 'User Has Updated a Menu.', '2024-08-12 12:59:14'),
(21, 28, 'Menu', 'User Has Added a Menu.', '2024-08-12 12:59:26'),
(22, 28, 'Menu', 'User Has Deleted a Menu.', '2024-08-12 12:59:30'),
(23, 28, 'Drink', 'User Has Added a Drink.', '2024-08-12 13:00:30'),
(24, 28, 'Drink', 'User Has Deleted a Drink.', '2024-08-12 13:00:33'),
(25, 28, 'Drink', 'User Has Updated a Drink.', '2024-08-12 13:01:32'),
(26, 28, 'Drink', 'User Has Added a User.', '2024-08-12 13:05:21'),
(27, 28, 'Drink', 'User Has Added a New User.', '2024-08-12 13:05:37'),
(28, 28, 'Drink', 'User Has Added a New User.', '2024-08-12 13:09:56'),
(29, 28, 'Drink', 'User Has Added a New User.', '2024-08-12 13:09:58'),
(30, 28, 'Drink', 'User Has Added a New User.', '2024-08-12 13:10:00'),
(31, 28, 'Drink', 'User Has Added a New User.', '2024-08-12 13:10:02'),
(32, 28, 'Drink', 'User Has Added a New User.', '2024-08-12 13:10:09'),
(33, 28, 'Admin', 'User Has Deleted An Admin.', '2024-08-12 13:11:08'),
(34, 28, 'Admin', 'User Has Deleted An Admin.', '2024-08-12 13:11:38'),
(35, 28, 'Chef', 'User Has Deleted A Chef.', '2024-08-12 13:13:17'),
(36, 28, 'Worker', 'User Has Deleted A Worker.', '2024-08-12 13:13:39'),
(37, 28, 'Manager', 'User Has Deleted A Manager.', '2024-08-12 13:13:43'),
(38, 28, 'Admin', 'User Has Deleted An Admin.', '2024-08-12 13:14:28'),
(39, 28, 'Worker', 'User Has Deleted A Worker.', '2024-08-12 13:17:29'),
(40, 28, 'Drink', 'User Has Added a New User.', '2024-08-12 13:19:57'),
(41, 28, 'Drink', 'User Has Added a New User.', '2024-08-12 13:20:05'),
(42, 28, 'Reset', 'User Has Resetted an Account.', '2024-08-12 13:20:25'),
(43, 28, 'Worker', 'User Has Deleted A Worker.', '2024-08-12 13:20:32'),
(44, 28, 'Reset', 'User Has Resetted An Account', '2024-08-12 13:22:55'),
(45, 28, 'Admin', 'User Has Deleted An Admin.', '2024-08-12 13:22:57'),
(46, 28, 'Drink', 'User Has Added a New User.', '2024-08-12 13:23:41'),
(47, 28, 'Drink', 'User Has Added a New User.', '2024-08-12 13:23:43'),
(48, 28, 'Drink', 'User Has Added a New User.', '2024-08-12 13:24:28'),
(49, 28, 'Drink', 'User Has Added a New User.', '2024-08-12 13:24:32'),
(50, 28, 'Reset', 'User Has Resetted An Account', '2024-08-12 13:24:35'),
(51, 28, 'Reset', 'User Has Resetted An Account', '2024-08-12 13:24:38'),
(52, 28, 'Chef', 'User Has Deleted A Chef.', '2024-08-12 13:24:39'),
(53, 28, 'Manager', 'User Has Deleted A Manager.', '2024-08-12 13:24:42'),
(54, 28, 'Updated', 'User Has Updated The Logo', '2024-08-12 13:25:49'),
(55, 28, 'Transaction', 'User Has Payed a Transaction', '2024-08-12 13:26:53'),
(56, 28, 'login', 'User logged in.', '2024-08-13 11:00:24'),
(57, 28, 'View', 'User view Dashboard.', '2024-08-13 11:11:37'),
(58, 28, 'View', 'User view Order.', '2024-08-13 11:12:39'),
(59, 28, 'View', 'User view Inprogress.', '2024-08-13 11:12:40'),
(60, 28, 'View', 'User view Order.', '2024-08-13 11:20:18'),
(61, 28, 'View', 'User view Dashboard.', '2024-08-13 11:20:19'),
(62, 28, 'View', 'User view Food Menu .', '2024-08-13 11:20:20'),
(63, 28, 'View', 'User view Drink Menu.', '2024-08-13 11:20:21'),
(64, NULL, 'View', 'User view Add Menu Drink.', '2024-08-13 11:20:22'),
(65, 28, 'View', 'User view Drink Menu.', '2024-08-13 11:20:23'),
(66, 28, 'View', 'User view Drink Menu.', '2024-08-13 11:20:26'),
(67, 28, 'View', 'User view Food Menu .', '2024-08-13 11:20:26'),
(68, 28, 'View', 'User view Order.', '2024-08-13 11:20:27'),
(69, 28, 'View', 'User view Inprogress.', '2024-08-13 11:20:28'),
(70, 28, 'View', 'User view History.', '2024-08-13 11:20:28'),
(71, 28, 'View', 'User view Reports Menu.', '2024-08-13 11:22:48'),
(72, 28, 'View', 'User view Food Menu .', '2024-08-13 11:22:49'),
(73, 28, 'View', 'User view Food Menu Edit.', '2024-08-13 11:22:51'),
(74, 28, 'View', 'User view Food Menu .', '2024-08-13 11:22:52'),
(75, 28, 'View', 'User view Drink Menu.', '2024-08-13 11:22:53'),
(76, 28, 'View', 'User view Edit Drink Menu.', '2024-08-13 11:22:55'),
(77, 28, 'View', 'User view Drink Menu.', '2024-08-13 11:22:56'),
(78, 28, 'View', 'User view Add Menu Drink.', '2024-08-13 11:22:58'),
(79, 28, 'View', 'User view Add Menu.', '2024-08-13 11:22:59'),
(80, 28, 'View', 'User view Worker.', '2024-08-13 11:23:07'),
(81, 28, 'View', 'User view Order.', '2024-08-13 11:25:55'),
(82, 28, 'View', 'User view History.', '2024-08-13 11:25:56'),
(83, 28, 'View', 'User view History.', '2024-08-13 11:26:00'),
(84, 28, 'View', 'User view Activity Log.', '2024-08-13 11:28:55'),
(85, 28, 'View', 'User view Setting.', '2024-08-13 11:30:49'),
(86, 28, 'View', 'User view Activity Log.', '2024-08-13 11:30:50'),
(87, 28, 'View', 'User view Activity Log.', '2024-08-13 11:30:54'),
(88, 28, 'View', 'User view Setting.', '2024-08-13 11:30:56'),
(89, 28, 'View', 'User view Activity Log.', '2024-08-13 11:30:59'),
(90, 28, 'View', 'User view Setting.', '2024-08-13 11:31:03'),
(91, 28, 'View', 'User view Setting.', '2024-08-13 11:31:19'),
(92, 28, 'View', 'User view Activity Log.', '2024-08-13 11:31:20'),
(93, 28, 'View', 'User view Setting.', '2024-08-13 11:31:24'),
(94, 28, 'View', 'User view Activity Log.', '2024-08-13 11:31:24'),
(95, 28, 'View', 'User view Setting.', '2024-08-13 11:31:26'),
(96, 28, 'View', 'User view Activity Log.', '2024-08-13 11:31:27'),
(97, 28, 'View', 'User view Activity Log.', '2024-08-13 11:31:28'),
(98, 28, 'View', 'User view Activity Log.', '2024-08-13 11:31:28'),
(99, 28, 'View', 'User view Activity Log.', '2024-08-13 11:31:29'),
(100, 28, 'View', 'User view Setting.', '2024-08-13 11:31:31'),
(101, 28, 'View', 'User view Activity Log.', '2024-08-13 11:31:32'),
(102, 28, 'View', 'User view Activity Log.', '2024-08-13 11:31:33'),
(103, 28, 'View', 'User view Activity Log.', '2024-08-13 11:31:35'),
(104, 28, 'View', 'User view Activity Log.', '2024-08-13 11:31:41'),
(105, 28, 'View', 'User view Setting.', '2024-08-13 11:35:20'),
(106, 28, 'View', 'User view Activity Log.', '2024-08-13 11:35:21'),
(107, 28, 'View', 'User view Activity Log.', '2024-08-13 11:38:36'),
(108, 28, 'View', 'User view Activity Log.', '2024-08-13 11:39:41'),
(109, 28, 'View', 'User view Activity Log.', '2024-08-13 11:39:54'),
(110, 28, 'View', 'User view Activity Log.', '2024-08-13 11:39:54'),
(111, 28, 'View', 'User view Activity Log.', '2024-08-13 11:40:31'),
(112, 28, 'View', 'User view Activity Log.', '2024-08-13 11:40:31'),
(113, 28, 'View', 'User view Activity Log.', '2024-08-13 11:40:31'),
(114, 28, 'View', 'User view Activity Log.', '2024-08-13 11:40:32'),
(115, 28, 'View', 'User view Activity Log.', '2024-08-13 11:40:45'),
(116, 28, 'View', 'User view Activity Log.', '2024-08-13 11:40:56'),
(117, 28, 'View', 'User view Activity Log.', '2024-08-13 11:41:38'),
(118, 28, 'View', 'User view Activity Log.', '2024-08-13 11:42:51'),
(119, 28, 'View', 'User view Activity Log.', '2024-08-13 11:43:07'),
(120, 28, 'View', 'User view Activity Log.', '2024-08-13 11:43:21'),
(121, 28, 'View', 'User view Activity Log.', '2024-08-13 11:43:42'),
(122, 28, 'View', 'User view Activity Log.', '2024-08-13 11:45:28'),
(123, 28, 'View', 'User view Activity Log.', '2024-08-13 11:45:29'),
(124, 28, 'View', 'User view Activity Log.', '2024-08-13 11:47:46'),
(125, 28, 'View', 'User view Activity Log.', '2024-08-13 11:49:08'),
(126, 28, 'logout', 'User logged out.', '2024-08-13 11:49:18'),
(127, 26, 'login', 'User logged in.', '2024-08-13 11:49:26'),
(128, 26, 'View', 'User view Dashboard.', '2024-08-13 11:49:26'),
(129, 26, 'View', 'User view Cheff Order Menu.', '2024-08-13 11:49:37'),
(130, 26, 'View', 'User view Food Menu .', '2024-08-13 11:49:38'),
(131, 26, 'View', 'User view Cheff Order Menu.', '2024-08-13 11:49:42'),
(132, 26, 'logout', 'User logged out.', '2024-08-13 11:49:43'),
(133, 28, 'login', 'User logged in.', '2024-08-13 11:49:53'),
(134, 28, 'View', 'User view Dashboard.', '2024-08-13 11:49:53'),
(135, 28, 'View', 'User view Activity Log.', '2024-08-13 11:49:55'),
(136, 28, 'View', 'User view Activity Log.', '2024-08-13 11:51:14'),
(137, 28, 'View', 'User view Activity Log.', '2024-08-13 11:52:09'),
(138, 28, 'View', 'User view Food Menu .', '2024-08-13 11:55:47'),
(139, 28, 'View', 'User view Activity Log.', '2024-08-13 11:55:50'),
(140, 28, 'View', 'User view Activity Log.', '2024-08-13 11:55:55'),
(141, 28, 'View', 'User view Activity Log.', '2024-08-13 11:56:06'),
(142, 28, 'logout', 'User logged out.', '2024-08-13 11:57:04'),
(143, 28, 'login', 'User logged in.', '2024-08-13 11:57:12'),
(144, 28, 'View', 'User view Dashboard.', '2024-08-13 11:57:12'),
(145, 28, 'View', 'User view Activity Log.', '2024-08-13 11:57:13'),
(146, 28, 'View', 'User view Activity Log.', '2024-08-13 11:57:22'),
(147, 28, 'View', 'User view Activity Log.', '2024-08-13 11:58:41'),
(148, 28, 'View', 'User view Activity Log.', '2024-08-13 11:58:56'),
(149, 28, 'View', 'User view Setting.', '2024-08-13 11:58:56'),
(150, 28, 'View', 'User view Setting.', '2024-08-13 11:58:57'),
(151, 28, 'View', 'User view Order.', '2024-08-13 11:58:58'),
(152, 28, 'View', 'User view Order.', '2024-08-13 11:59:11'),
(153, 28, 'View', 'User view Inprogress.', '2024-08-13 11:59:13'),
(154, 28, 'View', 'User view History.', '2024-08-13 11:59:14'),
(155, 28, 'View', 'User view Order.', '2024-08-13 11:59:16'),
(156, 28, 'View', 'User view Inprogress.', '2024-08-13 11:59:16'),
(157, 28, 'View', 'User view History.', '2024-08-13 11:59:17'),
(158, 28, 'View', 'User view Food Menu .', '2024-08-13 11:59:18'),
(159, 28, 'View', 'User view Order.', '2024-08-13 11:59:18'),
(160, 28, 'View', 'User view Dashboard.', '2024-08-13 11:59:19'),
(161, 28, 'View', 'User view Food Menu .', '2024-08-13 11:59:19'),
(162, 28, 'View', 'User view Food Menu .', '2024-08-13 11:59:34'),
(163, 28, 'View', 'User view Drink Menu.', '2024-08-13 11:59:36'),
(164, 28, 'View', 'User view Food Menu .', '2024-08-13 11:59:37'),
(165, 28, 'View', 'User view Order.', '2024-08-13 11:59:39'),
(166, 28, 'View', 'User view Inprogress.', '2024-08-13 11:59:41'),
(167, 28, 'View', 'User view History.', '2024-08-13 11:59:42'),
(168, 28, 'View', 'User view Order.', '2024-08-13 11:59:43'),
(169, 28, 'View', 'User view Inprogress.', '2024-08-13 11:59:44'),
(170, 28, 'View', 'User view History.', '2024-08-13 11:59:45'),
(171, 28, 'View', 'User view Order.', '2024-08-13 11:59:46'),
(172, 28, 'View', 'User view History.', '2024-08-13 11:59:59'),
(173, 28, 'View', 'User view Inprogress.', '2024-08-13 12:00:00'),
(174, 28, 'View', 'User view History.', '2024-08-13 12:00:01'),
(175, 28, 'View', 'User view Inprogress.', '2024-08-13 12:00:02'),
(176, 28, 'View', 'User view Order.', '2024-08-13 12:00:02'),
(177, 28, 'View', 'User view Inprogress.', '2024-08-13 12:00:03'),
(178, 28, 'View', 'User view History.', '2024-08-13 12:00:03'),
(179, 28, 'View', 'User view Inprogress.', '2024-08-13 12:00:04'),
(180, 28, 'View', 'User view Order.', '2024-08-13 12:00:05'),
(181, 28, 'View', 'User view Inprogress.', '2024-08-13 12:00:05'),
(182, 28, 'View', 'User view History.', '2024-08-13 12:00:06'),
(183, 28, 'View', 'User view Inprogress.', '2024-08-13 12:00:06'),
(184, 28, 'View', 'User view Order.', '2024-08-13 12:00:07'),
(185, 28, 'View', 'User view Inprogress.', '2024-08-13 12:00:08'),
(186, 28, 'View', 'User view History.', '2024-08-13 12:00:08'),
(187, 28, 'View', 'User view Inprogress.', '2024-08-13 12:00:09'),
(188, 28, 'View', 'User view Inprogress.', '2024-08-13 12:00:23'),
(189, 28, 'View', 'User view Inprogress.', '2024-08-13 12:00:35'),
(190, 28, 'View', 'User view Order.', '2024-08-13 12:00:40'),
(191, 28, 'View', 'User view History.', '2024-08-13 12:00:41'),
(192, 28, 'View', 'User view Inprogress.', '2024-08-13 12:00:42'),
(193, 28, 'View', 'User view Order.', '2024-08-13 12:00:43'),
(194, 28, 'View', 'User view Order.', '2024-08-13 12:00:46'),
(195, 28, 'View', 'User view Reports Menu.', '2024-08-13 12:00:46'),
(196, 28, 'View', 'User view Setting.', '2024-08-13 12:00:47'),
(197, 28, 'View', 'User view Activity Log.', '2024-08-13 12:00:47'),
(198, 28, 'View', 'User view Worker Menu.', '2024-08-13 12:00:57'),
(199, 28, 'View', 'User view Add User.', '2024-08-13 12:00:58'),
(200, 28, 'Drink', 'User Has Added a New User.', '2024-08-13 12:01:15'),
(201, 28, 'View', 'User view Add User.', '2024-08-13 12:01:15'),
(202, 28, 'View', 'User view Activity Log.', '2024-08-13 12:01:16'),
(203, 28, 'View', 'User view Worker Menu.', '2024-08-13 12:01:26'),
(204, 28, 'Worker', 'User Has Deleted A Worker.', '2024-08-13 12:01:31'),
(205, 28, 'View', 'User view Worker Menu.', '2024-08-13 12:01:31'),
(206, 28, 'login', 'User logged in.', '2024-08-13 12:41:33'),
(207, 28, 'View', 'User view Dashboard.', '2024-08-13 12:41:34'),
(208, 28, 'View', 'User view Activity Log.', '2024-08-13 12:41:35'),
(209, 28, 'View', 'User view Setting.', '2024-08-13 12:41:57'),
(210, 28, 'View', 'User view Worker Menu.', '2024-08-13 12:41:57'),
(211, 28, 'View', 'User view Chef Menu.', '2024-08-13 12:41:58'),
(212, 28, 'View', 'User view Admin Menu.', '2024-08-13 12:41:59'),
(213, 28, 'View', 'User view Manager Menu.', '2024-08-13 12:42:00'),
(214, 28, 'View', 'User view Setting.', '2024-08-13 12:43:07'),
(215, 28, 'View', 'User view Activity Log.', '2024-08-13 12:43:08'),
(216, 28, 'View', 'User view Reports Menu.', '2024-08-13 12:43:47'),
(217, 28, 'View', 'User view Reports Menu.', '2024-08-13 12:43:48'),
(218, 28, 'View', 'User view Reports Menu.', '2024-08-13 12:43:48'),
(219, 28, 'View', 'User view Food Menu .', '2024-08-13 12:43:49'),
(220, 28, 'View', 'User view Reports Menu.', '2024-08-13 12:43:49'),
(221, 28, 'View', 'User view Worker Menu.', '2024-08-13 12:43:50'),
(222, 28, 'View', 'User view Worker Menu.', '2024-08-13 12:43:51'),
(223, 28, 'View', 'User view Reports Menu.', '2024-08-13 12:43:51'),
(224, 28, 'View', 'User view Worker Menu.', '2024-08-13 12:43:51'),
(225, 28, 'View', 'User view Reports Menu.', '2024-08-13 12:43:52'),
(226, 28, 'View', 'User view Worker Menu.', '2024-08-13 12:43:53'),
(227, 28, 'View', 'User view Order.', '2024-08-13 12:43:53'),
(228, 28, 'View', 'User view Inprogress.', '2024-08-13 12:43:54'),
(229, 28, 'View', 'User view Activity Log.', '2024-08-13 12:48:30'),
(230, 28, 'View', 'User view Dashboard.', '2024-08-13 12:49:20'),
(231, 28, 'View', 'User view Activity Log.', '2024-08-13 12:49:22'),
(232, 28, 'View', 'User view Order.', '2024-08-13 12:49:35'),
(233, 28, 'View', 'User view Activity Log.', '2024-08-13 12:49:36'),
(234, 28, 'View', 'User view Reports Menu.', '2024-08-13 12:49:56'),
(235, 28, 'View', 'User view Reports Menu.', '2024-08-13 12:50:06'),
(236, 28, 'View', 'User view Reports Menu.', '2024-08-13 12:50:16'),
(237, 28, 'View', 'User view Activity Log.', '2024-08-13 12:50:18'),
(238, 28, 'View', 'User view Activity Log.', '2024-08-13 12:50:27'),
(239, 28, 'View', 'User view Activity Log.', '2024-08-13 12:50:37'),
(240, 28, 'View', 'User view Activity Log.', '2024-08-13 12:50:50'),
(241, 28, 'View', 'User view Activity Log.', '2024-08-13 12:50:50'),
(242, 28, 'View', 'User view Activity Log.', '2024-08-13 12:56:27'),
(243, 28, 'View', 'User view Activity Log.', '2024-08-13 12:56:33'),
(244, 28, 'View', 'User view Activity Log.', '2024-08-13 12:58:00'),
(245, 28, 'View', 'User view Activity Log.', '2024-08-13 12:59:16'),
(246, 28, 'View', 'User view Activity Log.', '2024-08-13 13:00:21'),
(247, 28, 'View', 'User view Activity Log.', '2024-08-13 13:01:16'),
(248, 28, 'View', 'User view Inprogress.', '2024-08-13 13:36:06'),
(249, 28, 'View', 'User view Activity Log.', '2024-08-13 13:36:08'),
(250, 28, 'login', 'User logged in.', '2024-08-14 10:49:08'),
(251, 28, 'View', 'User view Dashboard.', '2024-08-14 10:49:08'),
(252, 28, 'View', 'User view Activity Log.', '2024-08-14 10:49:10'),
(253, 28, 'View', 'User view Order.', '2024-08-14 11:11:53'),
(254, 28, 'View', 'User view Order.', '2024-08-14 11:11:53'),
(255, 28, 'View', 'User view Order.', '2024-08-14 11:11:53'),
(256, 28, 'View', 'User view Inprogress.', '2024-08-14 11:11:55'),
(257, 28, 'View', 'User view Edit Order.', '2024-08-14 11:12:06'),
(258, 28, 'View', 'User view Inprogress.', '2024-08-14 11:12:10'),
(259, 28, 'View', 'User view Edit Order.', '2024-08-14 11:12:13'),
(260, 28, 'View', 'User view Activity Log.', '2024-08-14 11:12:33'),
(261, 28, 'View', 'User view Food Menu .', '2024-08-14 11:12:35'),
(262, 28, 'View', 'User view Food Menu .', '2024-08-14 11:12:36'),
(263, 28, 'View', 'User view Order.', '2024-08-14 11:12:36'),
(264, 28, 'View', 'User view Inprogress.', '2024-08-14 11:12:37'),
(265, 28, 'View', 'User view Edit Order.', '2024-08-14 11:12:40'),
(266, 28, 'View', 'User view Edit Order.', '2024-08-14 11:14:17'),
(267, 28, 'View', 'User view Inprogress.', '2024-08-14 11:14:20'),
(268, 28, 'View', 'User view Edit Order.', '2024-08-14 11:14:25'),
(269, 28, 'View', 'User view Inprogress.', '2024-08-14 11:14:29'),
(270, 28, 'View', 'User view Inprogress.', '2024-08-14 11:15:46'),
(271, 28, 'View', 'User view Edit Order.', '2024-08-14 11:15:48'),
(272, 28, 'View', 'User view Activity Log.', '2024-08-14 11:16:48'),
(273, 28, 'View', 'User view Worker Menu.', '2024-08-14 11:16:49'),
(274, 28, 'View', 'User view Chef Menu.', '2024-08-14 11:16:51'),
(275, 28, 'View', 'User view Manager Menu.', '2024-08-14 11:16:51'),
(276, 28, 'View', 'User view Admin Menu.', '2024-08-14 11:16:52'),
(277, 28, 'View', 'User view Worker Menu.', '2024-08-14 11:16:52'),
(278, 28, 'View', 'User view Chef Menu.', '2024-08-14 11:16:53'),
(279, 28, 'View', 'User view Manager Menu.', '2024-08-14 11:16:53'),
(280, 28, 'View', 'User view Admin Menu.', '2024-08-14 11:16:54'),
(281, 28, 'View', 'User view Chef Menu.', '2024-08-14 11:16:54'),
(282, 28, 'View', 'User view Worker Menu.', '2024-08-14 11:16:55'),
(283, 28, 'View', 'User view Admin Menu.', '2024-08-14 11:16:55'),
(284, 28, 'View', 'User view Add User.', '2024-08-14 11:16:56'),
(285, 28, 'View', 'User view Admin Menu.', '2024-08-14 11:16:57'),
(286, 28, 'View', 'User view Chef Menu.', '2024-08-14 11:16:58'),
(287, 28, 'View', 'User view Worker Menu.', '2024-08-14 11:18:06'),
(288, 28, 'View', 'User view Worker Menu.', '2024-08-14 11:18:23'),
(289, 28, 'View', 'User view Worker Menu.', '2024-08-14 11:18:27'),
(290, 28, 'View', 'User view Setting.', '2024-08-14 11:18:28'),
(291, 28, 'View', 'User view Worker Menu.', '2024-08-14 11:18:28'),
(292, 28, 'View', 'User view Setting.', '2024-08-14 11:18:29'),
(293, 28, 'View', 'User view Worker Menu.', '2024-08-14 11:18:30'),
(294, 28, 'View', 'User view Food Menu .', '2024-08-14 11:18:31'),
(295, 28, 'View', 'User view Drink Menu.', '2024-08-14 11:18:32'),
(296, 28, 'View', 'User view Food Menu .', '2024-08-14 11:18:33'),
(297, 28, 'View', 'User view Drink Menu.', '2024-08-14 11:18:34'),
(298, 28, 'View', 'User view Food Menu .', '2024-08-14 11:18:36'),
(299, 28, 'View', 'User view Drink Menu.', '2024-08-14 11:18:37'),
(300, 28, 'View', 'User view Food Menu .', '2024-08-14 11:18:39'),
(301, 28, 'View', 'User view Reports Menu.', '2024-08-14 11:25:08'),
(302, 28, 'View', 'User view Food Menu .', '2024-08-14 11:25:09'),
(303, 28, 'View', 'User view Setting.', '2024-08-14 11:25:10'),
(304, 28, 'View', 'User view Activity Log.', '2024-08-14 11:25:11'),
(305, 28, 'View', 'User view Worker Menu.', '2024-08-14 11:25:11'),
(306, 28, 'View', 'User view Worker Menu.', '2024-08-14 11:25:15'),
(307, 28, 'View', 'User view Reports Menu.', '2024-08-14 11:25:16'),
(308, 28, 'View', 'User view Food Menu .', '2024-08-14 11:25:17'),
(309, 28, 'logout', 'User logged out.', '2024-08-14 11:31:59'),
(310, 28, 'login', 'User logged in.', '2024-08-14 11:48:03'),
(311, 28, 'View', 'User view Dashboard.', '2024-08-14 11:48:03'),
(312, 28, 'logout', 'User logged out.', '2024-08-14 11:48:05'),
(313, 28, 'login', 'User logged in.', '2024-08-14 11:49:14'),
(314, 28, 'View', 'User view Dashboard.', '2024-08-14 11:49:14'),
(315, 28, 'View', 'User view Activity Log.', '2024-08-14 11:49:15'),
(316, 28, 'View', 'User view Worker Menu.', '2024-08-14 11:49:37'),
(317, 28, 'View', 'User view Setting.', '2024-08-14 11:52:49'),
(318, 28, 'View', 'User view Activity Log.', '2024-08-14 11:52:49'),
(319, 28, 'View', 'User view Setting.', '2024-08-14 11:52:50'),
(320, 28, 'View', 'User view Activity Log.', '2024-08-14 11:52:51'),
(321, 28, 'View', 'User view Setting.', '2024-08-14 11:52:52'),
(322, 28, 'View', 'User view Activity Log.', '2024-08-14 11:52:53'),
(323, 28, 'View', 'User view Reports Menu.', '2024-08-14 11:52:56'),
(324, 28, 'View', 'User view Worker Menu.', '2024-08-14 11:52:56'),
(325, 28, 'View', 'User view Setting.', '2024-08-14 11:52:58'),
(326, 28, 'View', 'User view Setting.', '2024-08-14 11:53:21'),
(327, 28, 'View', 'User view Activity Log.', '2024-08-14 11:53:22'),
(328, 28, 'View', 'User view Setting.', '2024-08-14 11:53:24'),
(329, 28, 'View', 'User view Worker Menu.', '2024-08-14 11:53:24'),
(330, 28, 'View', 'User view Reports Menu.', '2024-08-14 11:53:25'),
(331, 28, 'View', 'User view Worker Menu.', '2024-08-14 11:53:26'),
(332, 28, 'View', 'User view Worker Menu.', '2024-08-14 11:55:06'),
(333, 28, 'View', 'User view Worker Menu.', '2024-08-14 11:55:10'),
(334, 28, 'View', 'User view Reports Menu.', '2024-08-14 11:55:13'),
(335, 28, 'View', 'User view Food Menu .', '2024-08-14 11:55:14'),
(336, 28, 'View', 'User view Worker Menu.', '2024-08-14 11:55:15'),
(337, 28, 'View', 'User view Food Menu .', '2024-08-14 11:55:20'),
(338, 28, 'View', 'User view Food Menu .', '2024-08-14 11:57:24'),
(339, 28, 'View', 'User view Worker Menu.', '2024-08-14 11:57:24'),
(340, 28, 'View', 'User view Setting.', '2024-08-14 11:57:26'),
(341, 28, 'View', 'User view Setting.', '2024-08-14 11:57:27'),
(342, 28, 'View', 'User view Activity Log.', '2024-08-14 11:57:28'),
(343, 28, 'View', 'User view Reports Menu.', '2024-08-14 11:57:28'),
(344, 28, 'View', 'User view Food Menu .', '2024-08-14 11:57:29'),
(345, 28, 'View', 'User view Order.', '2024-08-14 11:57:30'),
(346, 28, 'View', 'User view Reports Menu.', '2024-08-14 11:57:31'),
(347, 28, 'View', 'User view Food Menu .', '2024-08-14 11:57:32'),
(348, 28, 'View', 'User view Order.', '2024-08-14 11:57:33'),
(349, 28, 'View', 'User view Inprogress.', '2024-08-14 11:57:34'),
(350, 28, 'View', 'User view Reports Menu.', '2024-08-14 11:57:35'),
(351, 28, 'View', 'User view Food Menu .', '2024-08-14 11:57:36'),
(352, 28, 'View', 'User view Food Menu .', '2024-08-14 11:57:37'),
(353, 28, 'View', 'User view Drink Menu.', '2024-08-14 11:57:38'),
(354, 28, 'View', 'User view Drink Menu.', '2024-08-14 11:58:13'),
(355, 28, 'View', 'User view Drink Menu.', '2024-08-14 11:58:14'),
(356, 28, 'View', 'User view Drink Menu.', '2024-08-14 11:58:14'),
(357, 28, 'View', 'User view Food Menu .', '2024-08-14 11:58:16'),
(358, 28, 'View', 'User view Food Menu .', '2024-08-14 11:58:17'),
(359, 28, 'View', 'User view Food Menu .', '2024-08-14 11:58:36'),
(360, 28, 'View', 'User view Food Menu .', '2024-08-14 11:58:43'),
(361, 28, 'View', 'User view Food Menu .', '2024-08-14 11:59:12'),
(362, 28, 'Menu', 'User Has Restored a Menu.', '2024-08-14 11:59:16'),
(363, 28, 'View', 'User view Food Menu .', '2024-08-14 11:59:16'),
(364, 28, 'View', 'User view Food Menu .', '2024-08-14 11:59:22'),
(365, 28, 'Menu', 'User Has Restored a Menu.', '2024-08-14 11:59:25'),
(366, 28, 'View', 'User view Food Menu .', '2024-08-14 11:59:25'),
(367, 28, 'Menu', 'User Has Deleted a Menu.', '2024-08-14 11:59:30'),
(368, 28, 'View', 'User view Food Menu .', '2024-08-14 11:59:31'),
(369, 28, 'View', 'User view Food Menu .', '2024-08-14 11:59:33'),
(370, 28, 'Menu', 'User Has Restored a Menu.', '2024-08-14 11:59:36'),
(371, 28, 'View', 'User view Food Menu .', '2024-08-14 11:59:36'),
(372, 28, 'View', 'User view Food Menu .', '2024-08-14 11:59:41'),
(373, 28, 'View', 'User view Food Menu .', '2024-08-14 12:01:45'),
(374, 28, 'View', 'User view Drink Menu.', '2024-08-14 12:01:46'),
(375, 28, 'View', 'User view Food Menu .', '2024-08-14 12:01:47'),
(376, 28, 'View', 'User view Drink Menu.', '2024-08-14 12:01:48'),
(377, 28, 'View', 'User view Food Menu .', '2024-08-14 12:01:49'),
(378, 28, 'View', 'User view Drink Menu.', '2024-08-14 12:01:50'),
(379, 28, 'View', 'User view Drink Menu.', '2024-08-14 12:02:07'),
(380, 28, 'Menu', 'User Has Restored a Minuman.', '2024-08-14 12:02:09'),
(381, 28, 'View', 'User view Drink Menu.', '2024-08-14 12:02:11'),
(382, 28, 'View', 'User view Food Menu .', '2024-08-14 12:02:13'),
(383, 28, 'View', 'User view Drink Menu.', '2024-08-14 12:02:14'),
(384, 28, 'View', 'User view Food Menu .', '2024-08-14 12:02:19'),
(385, 28, 'View', 'User view Food Menu .', '2024-08-14 12:02:38'),
(386, 28, 'View', 'User view Drink Menu.', '2024-08-14 12:02:39'),
(387, 28, 'View', 'User view Food Menu .', '2024-08-14 12:02:41'),
(388, 28, 'View', 'User view Drink Menu.', '2024-08-14 12:02:44'),
(389, 28, 'View', 'User view Food Menu .', '2024-08-14 12:02:45'),
(390, 28, 'View', 'User view Drink Menu.', '2024-08-14 12:02:46'),
(391, 28, 'Menu', 'User Has Restored a Minuman.', '2024-08-14 12:02:47'),
(392, 28, 'View', 'User view Drink Menu.', '2024-08-14 12:02:47'),
(393, 28, 'View', 'User view Food Menu .', '2024-08-14 12:02:49'),
(394, 28, 'View', 'User view Drink Menu.', '2024-08-14 12:02:50'),
(395, 28, 'Drink', 'User Has Deleted a Drink.', '2024-08-14 12:02:52'),
(396, 28, 'View', 'User view Drink Menu.', '2024-08-14 12:02:52'),
(397, 28, 'View', 'User view Food Menu .', '2024-08-14 12:02:54'),
(398, 28, 'View', 'User view Food Menu .', '2024-08-14 12:03:14'),
(399, 28, 'View', 'User view Food Menu .', '2024-08-14 12:03:58'),
(400, 28, 'View', 'User view Food Menu .', '2024-08-14 12:04:08'),
(401, 28, 'View', 'User view Food Menu .', '2024-08-14 12:04:11'),
(402, 28, 'View', 'User view Food Menu .', '2024-08-14 12:04:30'),
(403, 28, 'View', 'User view Drink Menu.', '2024-08-14 12:04:31'),
(404, 28, 'View', 'User view Food Menu .', '2024-08-14 12:04:33'),
(405, 28, 'View', 'User view Drink Menu.', '2024-08-14 12:04:33'),
(406, 28, 'View', 'User view Drink Menu.', '2024-08-14 12:05:34'),
(407, 28, 'View', 'User view Worker Menu.', '2024-08-14 12:07:03'),
(408, 28, 'View', 'User view Chef Menu.', '2024-08-14 12:07:05'),
(409, 28, 'View', 'User view Worker Menu.', '2024-08-14 12:07:06'),
(410, 28, 'View', 'User view Food Menu .', '2024-08-14 12:07:09'),
(411, 28, 'View', 'User view Food Menu .', '2024-08-14 12:08:03'),
(412, 28, 'View', 'User view Worker Menu.', '2024-08-14 12:08:05'),
(413, 28, 'View', 'User view Food Menu .', '2024-08-14 12:08:07'),
(414, 28, 'View', 'User view Food Menu .', '2024-08-14 12:08:14'),
(415, 28, 'View', 'User view Worker Menu.', '2024-08-14 12:08:15'),
(416, 28, 'View', 'User view Drink Menu.', '2024-08-14 12:08:17'),
(417, 28, 'View', 'User view Worker Menu.', '2024-08-14 12:08:18'),
(418, 28, 'View', 'User view Worker Menu.', '2024-08-14 12:08:50'),
(419, 28, 'View', 'User view Worker Menu.', '2024-08-14 12:09:05'),
(420, 28, 'View', 'User view Worker Menu.', '2024-08-14 12:09:06'),
(421, 28, 'View', 'User view Worker Menu.', '2024-08-14 12:09:06'),
(422, 28, 'View', 'User view Worker Menu.', '2024-08-14 12:09:06'),
(423, 28, 'View', 'User view Worker Menu.', '2024-08-14 12:09:46'),
(424, 28, 'View', 'User view Worker Menu.', '2024-08-14 12:09:59'),
(425, 28, 'View', 'User view Worker Menu.', '2024-08-14 12:10:02'),
(426, 28, 'View', 'User view Worker Menu.', '2024-08-14 12:10:02'),
(427, 28, 'View', 'User view Worker Menu.', '2024-08-14 12:10:02'),
(428, 28, 'View', 'User view Worker Menu.', '2024-08-14 12:10:15'),
(429, 28, 'View', 'User view Worker Menu.', '2024-08-14 12:10:15'),
(430, 28, 'View', 'User view Worker Menu.', '2024-08-14 12:11:06'),
(431, 28, 'View', 'User view Worker Menu.', '2024-08-14 12:11:09'),
(432, 28, 'View', 'User view Worker Menu.', '2024-08-14 12:11:34'),
(433, 28, 'View', 'User view Worker Menu.', '2024-08-14 12:11:38'),
(434, 28, 'View', 'User view Worker Menu.', '2024-08-14 12:11:49'),
(435, 28, 'View', 'User view Worker Menu.', '2024-08-14 12:11:54'),
(436, 28, 'View', 'User view user Restore Menu.', '2024-08-14 12:13:39'),
(437, 28, 'View', 'User view user Restore Menu.', '2024-08-14 12:15:22'),
(438, 28, 'View', 'User view user Restore Menu.', '2024-08-14 12:15:23'),
(439, 28, 'View', 'User view user Restore Menu.', '2024-08-14 12:15:24'),
(440, 28, 'View', 'User view user Restore Menu.', '2024-08-14 12:15:37'),
(441, 28, 'View', 'User view user Restore Menu.', '2024-08-14 12:15:44'),
(442, 28, 'View', 'User view user Restore Menu.', '2024-08-14 12:15:49'),
(443, 28, 'View', 'User view user Restore Menu.', '2024-08-14 12:15:54'),
(444, 28, 'Admin', 'User Has Restore A user.', '2024-08-14 12:15:55'),
(445, 28, 'View', 'User view user Restore Menu.', '2024-08-14 12:15:55'),
(446, 28, 'View', 'User view Restore Food Menu .', '2024-08-14 12:15:57'),
(447, 28, 'View', 'User view Worker Menu.', '2024-08-14 12:15:57'),
(448, 28, 'Worker', 'User Has Deleted A Worker.', '2024-08-14 12:16:00'),
(449, 28, 'View', 'User view Worker Menu.', '2024-08-14 12:16:00'),
(450, 28, 'View', 'User view Restore Food Menu .', '2024-08-14 12:16:02'),
(451, 28, 'View', 'User view user Restore Menu.', '2024-08-14 12:16:03'),
(452, 28, 'View', 'User view Restore Drink Menu.', '2024-08-14 12:16:05'),
(453, 28, 'View', 'User view user Restore Menu.', '2024-08-14 12:16:06'),
(454, 28, 'View', 'User view Restore Drink Menu.', '2024-08-14 12:16:07'),
(455, 28, 'View', 'User view Restore Drink Menu.', '2024-08-14 12:16:16'),
(456, 28, 'View', 'User view user Restore Menu.', '2024-08-14 12:16:18'),
(457, 28, 'View', 'User view Restore Drink Menu.', '2024-08-14 12:16:19'),
(458, 28, 'View', 'User view user Restore Menu.', '2024-08-14 12:16:19'),
(459, 28, 'View', 'User view Restore Drink Menu.', '2024-08-14 12:16:20'),
(460, 28, 'View', 'User view Restore Food Menu .', '2024-08-14 12:16:21'),
(461, 28, 'View', 'User view Restore Drink Menu.', '2024-08-14 12:16:21'),
(462, 28, 'View', 'User view user Restore Menu.', '2024-08-14 12:16:22'),
(463, 28, 'View', 'User view Restore Drink Menu.', '2024-08-14 12:16:25'),
(464, 28, 'View', 'User view Restore Drink Menu.', '2024-08-14 12:16:42'),
(465, 28, 'View', 'User view user Restore Menu.', '2024-08-14 12:16:43'),
(466, 28, 'View', 'User view Restore Food Menu .', '2024-08-14 12:16:45'),
(467, 28, 'View', 'User view Restore Drink Menu.', '2024-08-14 12:16:46'),
(468, 28, 'View', 'User view user Restore Menu.', '2024-08-14 12:16:47'),
(469, 28, 'View', 'User view Activity Log.', '2024-08-14 12:16:48'),
(470, 28, 'View', 'User view Activity Log.', '2024-08-14 12:17:24'),
(471, 28, 'View', 'User view Restore Food Menu .', '2024-08-14 12:17:26'),
(472, 28, 'View', 'User view Restore Drink Menu.', '2024-08-14 12:17:27'),
(473, 28, 'View', 'User view Restore Drink Menu.', '2024-08-14 12:17:40'),
(474, 28, 'View', 'User view user Restore Menu.', '2024-08-14 12:17:42'),
(475, 28, 'View', 'User view Activity Log.', '2024-08-14 12:17:43'),
(476, 28, 'View', 'User view Activity Log.', '2024-08-14 12:18:46'),
(477, 28, 'View', 'User view Restore Food Menu .', '2024-08-14 12:18:55'),
(478, 28, 'View', 'User view Restore Food Menu .', '2024-08-14 12:19:37'),
(479, 28, 'View', 'User view Cheff Order Menu.', '2024-08-14 12:19:47'),
(480, 28, 'View', 'User view Restore Food Menu .', '2024-08-14 12:20:22'),
(481, 28, 'logout', 'User logged out.', '2024-08-14 12:20:29'),
(482, 28, 'login', 'User logged in.', '2024-08-14 12:21:38'),
(483, 28, 'View', 'User view Dashboard.', '2024-08-14 12:21:38'),
(484, 28, 'View', 'User view Worker Menu.', '2024-08-14 13:18:42'),
(485, 28, 'logout', 'User logged out.', '2024-08-14 13:18:45'),
(486, 28, 'login', 'User logged in.', '2024-08-14 13:19:04'),
(487, 28, 'View', 'User view Dashboard.', '2024-08-14 13:19:04'),
(488, 28, 'login', 'User logged in.', '2024-08-14 14:19:29'),
(489, 28, 'View', 'User view Dashboard.', '2024-08-14 14:19:30'),
(490, 28, 'View', 'User view Activity Log.', '2024-08-14 14:20:09'),
(491, 28, 'View', 'User view Restore Food Menu .', '2024-08-14 14:21:30'),
(492, 28, 'View', 'User view Worker Menu.', '2024-08-14 14:25:21'),
(493, 28, 'View', 'User view Admin Menu.', '2024-08-14 14:25:23'),
(494, 28, 'View', 'User view Manager Menu.', '2024-08-14 14:25:24'),
(495, 28, 'View', 'User view Add User.', '2024-08-14 14:25:24'),
(496, 28, 'login', 'User logged in.', '2024-08-14 14:38:28'),
(497, 28, 'View', 'User view Dashboard.', '2024-08-14 14:38:29'),
(498, 28, 'View', 'User view Activity Log.', '2024-08-14 14:38:30'),
(499, 28, 'View', 'User view Worker Menu.', '2024-08-14 14:38:31'),
(500, 28, 'View', 'User view Restore Food Menu .', '2024-08-14 14:38:33'),
(501, 28, 'View', 'User view Food Menu .', '2024-08-14 14:38:34'),
(502, 28, 'View', 'User view Restore Food Menu .', '2024-08-14 14:48:09'),
(503, 28, 'View', 'User view Restore Drink Menu.', '2024-08-14 14:48:11'),
(504, 28, 'View', 'User view user Restore Menu.', '2024-08-14 14:48:12'),
(505, 28, 'View', 'User view Restore Food Menu .', '2024-08-14 14:48:13'),
(506, 28, 'View', 'User view Reports Menu.', '2024-08-14 14:48:14'),
(507, 28, 'View', 'User view Food Menu .', '2024-08-14 14:48:19'),
(508, 28, 'View', 'User view Restore Food Menu .', '2024-08-14 14:48:21'),
(509, 28, 'View', 'User view Food Menu .', '2024-08-14 14:48:26'),
(510, 28, 'View', 'User view Restore Food Menu .', '2024-08-14 14:48:40'),
(511, 28, 'View', 'User view Restore Drink Menu.', '2024-08-14 14:48:41'),
(512, 28, 'View', 'User view Restore Food Menu .', '2024-08-14 14:48:42'),
(513, 28, 'View', 'User view Food Menu .', '2024-08-14 14:48:43'),
(514, 28, 'View', 'User view Restore Food Menu .', '2024-08-14 14:48:43'),
(515, 28, 'View', 'User view Restore Drink Menu.', '2024-08-14 14:48:45'),
(516, 28, 'View', 'User view Restore Food Menu .', '2024-08-14 14:48:46'),
(517, 28, 'View', 'User view user Restore Menu.', '2024-08-14 14:48:47'),
(518, 28, 'View', 'User view Restore Food Menu .', '2024-08-14 14:48:48'),
(519, 28, 'View', 'User view Food Menu .', '2024-08-14 14:48:51'),
(520, 28, 'View', 'User view Food Menu .', '2024-08-14 14:49:16'),
(521, 28, 'View', 'User view Food Menu .', '2024-08-14 14:49:47'),
(522, 28, 'View', 'User view Food Menu .', '2024-08-14 14:49:58'),
(523, 28, 'View', 'User view Food Menu .', '2024-08-14 14:50:11'),
(524, 28, 'View', 'User view Restore Food Menu .', '2024-08-14 14:50:12'),
(525, 28, 'View', 'User view Food Menu .', '2024-08-14 14:50:15'),
(526, 28, 'View', 'User view Food Menu .', '2024-08-14 14:50:42'),
(527, 28, 'View', 'User view Drink Menu.', '2024-08-14 14:50:44'),
(528, 28, 'View', 'User view Restore Drink Menu.', '2024-08-14 14:50:44'),
(529, 28, 'View', 'User view Drink Menu.', '2024-08-14 14:50:46'),
(530, 28, 'View', 'User view Drink Menu.', '2024-08-14 14:51:36'),
(531, 28, 'View', 'User view Worker Menu.', '2024-08-14 14:51:37'),
(532, 28, 'View', 'User view Add User.', '2024-08-14 14:51:38'),
(533, 28, 'View', 'User view Add User.', '2024-08-14 14:51:43'),
(534, 28, 'View', 'User view Add User.', '2024-08-14 14:51:56'),
(535, 28, 'View', 'User view Add User.', '2024-08-14 14:52:02'),
(536, 28, 'View', 'User view Add User.', '2024-08-14 14:52:23'),
(537, 28, 'Drink', 'User Has Added a New User.', '2024-08-14 14:52:24'),
(538, 28, 'View', 'User view Add User.', '2024-08-14 14:52:24'),
(539, 28, 'Drink', 'User Has Added a New User.', '2024-08-14 14:52:25'),
(540, 28, 'View', 'User view Add User.', '2024-08-14 14:52:25'),
(541, 28, 'Drink', 'User Has Added a New User.', '2024-08-14 14:52:26'),
(542, 28, 'View', 'User view Add User.', '2024-08-14 14:52:26'),
(543, 28, 'View', 'User view Add User.', '2024-08-14 14:52:44'),
(544, 28, 'Drink', 'User Has Added a New User.', '2024-08-14 14:52:49'),
(545, 28, 'View', 'User view Add User.', '2024-08-14 14:52:49'),
(546, 28, 'Drink', 'User Has Added a New User.', '2024-08-14 14:52:49'),
(547, 28, 'View', 'User view Add User.', '2024-08-14 14:52:50'),
(548, 28, 'View', 'User view Add User.', '2024-08-14 14:53:21'),
(549, 28, 'Drink', 'User Has Added a New User.', '2024-08-14 14:53:23'),
(550, 28, 'View', 'User view Add User.', '2024-08-14 14:53:23'),
(551, 28, 'View', 'User view Add User.', '2024-08-14 14:53:26'),
(552, 28, 'View', 'User view Add User.', '2024-08-14 14:53:49'),
(553, 28, 'View', 'User view user Restore Menu.', '2024-08-14 14:53:51'),
(554, 28, 'View', 'User view Add User.', '2024-08-14 14:53:53'),
(555, 28, 'View', 'User view Add User.', '2024-08-14 14:54:39'),
(556, 28, 'View', 'User view Worker Menu.', '2024-08-14 14:54:40'),
(557, 28, 'View', 'User view Worker Menu.', '2024-08-14 14:54:49'),
(558, 28, 'View', 'User view user Restore Menu.', '2024-08-14 14:54:50'),
(559, 28, 'View', 'User view Worker Menu.', '2024-08-14 14:54:52'),
(560, 28, 'Worker', 'User Has Deleted A Worker.', '2024-08-14 14:54:55'),
(561, 28, 'View', 'User view Worker Menu.', '2024-08-14 14:54:55'),
(562, 28, 'Worker', 'User Has Deleted A Worker.', '2024-08-14 14:54:57'),
(563, 28, 'View', 'User view Worker Menu.', '2024-08-14 14:54:57'),
(564, 28, 'Worker', 'User Has Deleted A Worker.', '2024-08-14 14:54:58'),
(565, 28, 'View', 'User view Worker Menu.', '2024-08-14 14:54:58'),
(566, 28, 'Worker', 'User Has Deleted A Worker.', '2024-08-14 14:54:59'),
(567, 28, 'View', 'User view Worker Menu.', '2024-08-14 14:54:59'),
(568, 28, 'Worker', 'User Has Deleted A Worker.', '2024-08-14 14:55:00'),
(569, 28, 'View', 'User view Worker Menu.', '2024-08-14 14:55:00'),
(570, 28, 'Worker', 'User Has Deleted A Worker.', '2024-08-14 14:55:02'),
(571, 28, 'View', 'User view Worker Menu.', '2024-08-14 14:55:02'),
(572, 28, 'View', 'User view user Restore Menu.', '2024-08-14 14:55:03'),
(573, 28, 'View', 'User view Worker Menu.', '2024-08-14 14:55:05'),
(574, 28, 'View', 'User view Chef Menu.', '2024-08-14 14:55:06'),
(575, 28, 'View', 'User view Worker Menu.', '2024-08-14 14:55:07'),
(576, 28, 'View', 'User view Worker Menu.', '2024-08-14 14:55:25'),
(577, 28, 'View', 'User view Admin Menu.', '2024-08-14 14:55:26'),
(578, 28, 'View', 'User view Admin Menu.', '2024-08-14 14:55:32'),
(579, 28, 'View', 'User view Chef Menu.', '2024-08-14 14:55:34'),
(580, 28, 'View', 'User view Manager Menu.', '2024-08-14 14:55:36'),
(581, 28, 'View', 'User view Manager Menu.', '2024-08-14 14:55:46'),
(582, 28, 'View', 'User view Admin Menu.', '2024-08-14 14:55:47'),
(583, 28, 'View', 'User view Chef Menu.', '2024-08-14 14:55:48'),
(584, 28, 'View', 'User view Worker Menu.', '2024-08-14 14:55:48'),
(585, 28, 'View', 'User view Reports Menu.', '2024-08-14 14:55:50'),
(586, 28, 'View', 'User view Food Menu .', '2024-08-14 14:55:51'),
(587, 28, 'View', 'User view Worker Menu.', '2024-08-14 14:55:55'),
(588, 28, 'View', 'User view Worker Menu.', '2024-08-14 14:55:56'),
(589, 28, 'View', 'User view Worker Menu.', '2024-08-14 14:55:56'),
(590, 28, 'View', 'User view Reports Menu.', '2024-08-14 14:55:57'),
(591, 28, 'View', 'User view Worker Menu.', '2024-08-14 14:57:16'),
(592, 28, 'View', 'User view Food Menu .', '2024-08-14 14:57:17'),
(593, 28, 'View', 'User view Food Menu .', '2024-08-14 14:57:34'),
(594, 28, 'login', 'User logged in.', '2024-08-17 17:32:23'),
(595, 28, 'View', 'User view Dashboard.', '2024-08-17 17:32:23'),
(596, 28, 'View', 'User view Order.', '2024-08-17 17:33:00'),
(597, 28, 'View', 'User view Inprogress.', '2024-08-17 17:33:01'),
(598, 28, 'View', 'User view Worker Menu.', '2024-08-17 17:33:02'),
(599, 28, 'View', 'User view Food Menu .', '2024-08-17 17:33:04'),
(600, 28, 'View', 'User view Food Menu Edit.', '2024-08-17 17:35:56'),
(601, 28, 'Menu', 'User Has Updated a Menu.', '2024-08-17 17:36:01'),
(602, 28, 'View', 'User view Food Menu .', '2024-08-17 17:36:01'),
(603, 28, 'View', 'User view Order.', '2024-08-17 17:38:19'),
(604, 28, 'View', 'User view Inprogress.', '2024-08-17 17:38:40'),
(605, 28, 'View', 'User view Inprogress.', '2024-08-17 17:39:06'),
(606, 28, 'View', 'User view Food Menu .', '2024-08-17 17:39:08'),
(607, 28, 'View', 'User view Food Menu .', '2024-08-17 17:39:47'),
(608, 28, 'View', 'User view Food Menu .', '2024-08-17 17:40:01'),
(609, 28, 'View', 'User view Food Menu .', '2024-08-17 17:40:39'),
(610, 28, 'View', 'User view Food Menu .', '2024-08-17 17:40:48'),
(611, 28, 'View', 'User view Food Menu .', '2024-08-17 17:42:19'),
(612, 28, 'View', 'User view Food Menu .', '2024-08-17 17:42:33'),
(613, 28, 'View', 'User view Drink Menu.', '2024-08-17 17:42:44'),
(614, 28, 'View', 'User view Food Menu .', '2024-08-17 17:42:45'),
(615, 28, 'View', 'User view Food Menu .', '2024-08-17 17:43:16'),
(616, 28, 'View', 'User view Dashboard.', '2024-08-17 17:43:51'),
(617, 28, 'View', 'User view Setting.', '2024-08-17 17:44:00'),
(618, 28, 'Updated', 'User Has Updated The Logo', '2024-08-17 17:44:17'),
(619, 28, 'View', 'User view Setting.', '2024-08-17 17:44:17'),
(620, 28, 'View', 'User view Dashboard.', '2024-08-17 17:44:18'),
(621, 28, 'View', 'User view Order.', '2024-08-17 17:44:28'),
(622, 28, 'View', 'User view Dashboard.', '2024-08-17 17:44:29'),
(623, 28, 'View', 'User view Worker Menu.', '2024-08-17 17:44:41'),
(624, 28, 'View', 'User view Order.', '2024-08-17 17:44:42'),
(625, 28, 'View', 'User view Dashboard.', '2024-08-17 17:44:42'),
(626, 28, 'View', 'User view Reports Menu.', '2024-08-17 17:44:44'),
(627, 28, 'View', 'User view Dashboard.', '2024-08-17 17:44:45'),
(628, 28, 'View', 'User view Setting.', '2024-08-17 17:44:52'),
(629, 28, 'View', 'User view Worker Menu.', '2024-08-17 17:44:53'),
(630, 28, 'View', 'User view Reports Menu.', '2024-08-17 17:44:53'),
(631, 28, 'View', 'User view Food Menu .', '2024-08-17 17:44:54'),
(632, 28, 'View', 'User view Food Menu .', '2024-08-17 17:44:54'),
(633, 28, 'View', 'User view Order.', '2024-08-17 17:44:55'),
(634, 28, 'View', 'User view Reports Menu.', '2024-08-17 17:44:55'),
(635, 28, 'View', 'User view Reports Menu.', '2024-08-17 17:44:56'),
(636, 28, 'View', 'User view Order.', '2024-08-17 17:44:56'),
(637, 28, 'View', 'User view Reports Menu.', '2024-08-17 17:44:57'),
(638, 28, 'View', 'User view Order.', '2024-08-17 17:44:57'),
(639, 28, 'View', 'User view Reports Menu.', '2024-08-17 17:44:58'),
(640, 28, 'View', 'User view Order.', '2024-08-17 17:44:58'),
(641, 28, 'View', 'User view Food Menu .', '2024-08-17 17:44:59'),
(642, 28, 'View', 'User view Order.', '2024-08-17 17:44:59'),
(643, 28, 'View', 'User view Reports Menu.', '2024-08-17 17:45:00'),
(644, 28, 'View', 'User view Order.', '2024-08-17 17:45:00'),
(645, 28, 'View', 'User view Reports Menu.', '2024-08-17 17:45:01'),
(646, 28, 'View', 'User view Order.', '2024-08-17 17:45:02'),
(647, 28, 'View', 'User view Food Menu .', '2024-08-17 17:45:02'),
(648, 28, 'View', 'User view Reports Menu.', '2024-08-17 17:45:03'),
(649, 28, 'View', 'User view Order.', '2024-08-17 17:45:03'),
(650, 28, 'View', 'User view Reports Menu.', '2024-08-17 17:45:04'),
(651, 28, 'View', 'User view Order.', '2024-08-17 17:45:04'),
(652, 28, 'View', 'User view Reports Menu.', '2024-08-17 17:45:05'),
(653, 28, 'View', 'User view Order.', '2024-08-17 17:45:05'),
(654, 28, 'View', 'User view Reports Menu.', '2024-08-17 17:45:06'),
(655, 28, 'View', 'User view Order.', '2024-08-17 17:45:06'),
(656, 28, 'View', 'User view Reports Menu.', '2024-08-17 17:45:06'),
(657, 28, 'View', 'User view Order.', '2024-08-17 17:45:07'),
(658, 28, 'View', 'User view Reports Menu.', '2024-08-17 17:45:07'),
(659, 28, 'View', 'User view Order.', '2024-08-17 17:45:08'),
(660, 28, 'View', 'User view Dashboard.', '2024-08-17 17:45:09'),
(661, 28, 'View', 'User view Reports Menu.', '2024-08-17 17:45:13'),
(662, 28, 'View', 'User view Dashboard.', '2024-08-17 17:45:15'),
(663, 28, 'View', 'User view Reports Menu.', '2024-08-17 17:45:19'),
(664, 28, 'View', 'User view Food Menu .', '2024-08-17 17:45:21'),
(665, 28, 'View', 'User view Drink Menu.', '2024-08-17 17:45:22'),
(666, 28, 'View', 'User view Food Menu .', '2024-08-17 17:45:23'),
(667, 28, 'View', 'User view Drink Menu.', '2024-08-17 17:45:24'),
(668, 28, 'View', 'User view Reports Menu.', '2024-08-17 17:45:28'),
(669, 28, 'View', 'User view Food Menu .', '2024-08-17 17:45:29'),
(670, 28, 'View', 'User view Food Menu .', '2024-08-17 17:45:56'),
(671, 28, 'View', 'User view Food Menu .', '2024-08-17 17:59:08'),
(672, 28, 'View', 'User view Food Menu .', '2024-08-17 18:00:57'),
(673, 28, 'View', 'User view Food Menu .', '2024-08-17 18:02:56'),
(674, 28, 'View', 'User view Food Menu .', '2024-08-17 18:03:48'),
(675, 28, 'View', 'User view Food Menu .', '2024-08-17 18:04:01'),
(676, 28, 'View', 'User view Food Menu .', '2024-08-17 18:05:35'),
(677, 28, 'View', 'User view Food Menu .', '2024-08-17 18:06:17'),
(678, 28, 'View', 'User view Food Menu .', '2024-08-17 18:06:34'),
(679, 28, 'View', 'User view Food Menu .', '2024-08-17 18:06:43'),
(680, 28, 'View', 'User view Food Menu .', '2024-08-17 18:06:49'),
(681, 28, 'View', 'User view Food Menu .', '2024-08-17 18:06:52'),
(682, 28, 'View', 'User view Food Menu .', '2024-08-17 18:08:01'),
(683, 28, 'View', 'User view Food Menu .', '2024-08-17 18:08:11'),
(684, 28, 'View', 'User view Food Menu .', '2024-08-17 18:12:56'),
(685, 28, 'View', 'User view Food Menu .', '2024-08-17 18:13:04'),
(686, 28, 'View', 'User view Food Menu .', '2024-08-17 18:13:10'),
(687, 28, 'View', 'User view Food Menu .', '2024-08-17 18:14:59'),
(688, 28, 'View', 'User view Food Menu Edit.', '2024-08-17 18:15:02'),
(689, 28, 'Menu', 'User Has Updated a Menu.', '2024-08-17 18:15:05'),
(690, 28, 'View', 'User view Food Menu .', '2024-08-17 18:15:05'),
(691, 28, 'View', 'User view Food Menu .', '2024-08-17 18:15:16'),
(692, 28, 'View', 'User view Food Menu .', '2024-08-17 18:18:52'),
(693, 28, 'View', 'User view Food Menu .', '2024-08-17 18:19:05'),
(694, 28, 'View', 'User view Food Menu .', '2024-08-17 18:20:49'),
(695, 28, 'View', 'User view Food Menu .', '2024-08-17 18:20:53'),
(696, 28, 'View', 'User view Food Menu .', '2024-08-17 18:20:54'),
(697, 28, 'View', 'User view Food Menu .', '2024-08-17 18:21:08'),
(698, 28, 'View', 'User view Food Menu .', '2024-08-17 18:21:56'),
(699, 28, 'View', 'User view Food Menu .', '2024-08-17 18:21:57'),
(700, 28, 'View', 'User view Food Menu .', '2024-08-17 18:21:57'),
(701, 28, 'View', 'User view Food Menu .', '2024-08-17 18:23:30'),
(702, 28, 'View', 'User view Food Menu .', '2024-08-17 18:23:30'),
(703, 28, 'View', 'User view Food Menu .', '2024-08-17 18:25:19'),
(704, 28, 'View', 'User view Food Menu .', '2024-08-17 18:25:20'),
(705, 28, 'View', 'User view Food Menu .', '2024-08-17 18:25:57'),
(706, 28, 'View', 'User view Food Menu .', '2024-08-17 18:26:37'),
(707, 28, 'View', 'User view Food Menu .', '2024-08-17 18:27:26'),
(708, 28, 'View', 'User view Food Menu .', '2024-08-17 18:27:26'),
(709, 28, 'View', 'User view Food Menu .', '2024-08-17 18:27:26'),
(710, 28, 'View', 'User view Food Menu .', '2024-08-17 18:27:56'),
(711, 28, 'View', 'User view Food Menu .', '2024-08-17 18:28:15'),
(712, 28, 'View', 'User view Food Menu .', '2024-08-17 18:28:20'),
(713, 28, 'View', 'User view Food Menu .', '2024-08-17 18:28:27'),
(714, 28, 'View', 'User view Food Menu .', '2024-08-17 18:29:47'),
(715, 28, 'View', 'User view Food Menu .', '2024-08-17 18:30:05'),
(716, 28, 'View', 'User view Food Menu .', '2024-08-17 18:30:56'),
(717, 28, 'View', 'User view Food Menu .', '2024-08-17 18:31:09'),
(718, 28, 'View', 'User view Food Menu .', '2024-08-17 18:33:46'),
(719, 28, 'View', 'User view Food Menu .', '2024-08-17 18:34:07'),
(720, 28, 'View', 'User view Food Menu .', '2024-08-17 18:34:11'),
(721, 28, 'View', 'User view Food Menu .', '2024-08-17 18:34:27'),
(722, 28, 'View', 'User view Food Menu .', '2024-08-17 18:34:38'),
(723, 28, 'View', 'User view Food Menu .', '2024-08-17 18:35:05'),
(724, 28, 'View', 'User view Food Menu .', '2024-08-17 18:35:23'),
(725, 28, 'View', 'User view Drink Menu.', '2024-08-17 18:35:27'),
(726, 28, 'View', 'User view Food Menu .', '2024-08-17 18:35:27'),
(727, 28, 'View', 'User view Food Menu Edit.', '2024-08-17 18:36:04'),
(728, 28, 'View', 'User view Food Menu .', '2024-08-17 18:36:09'),
(729, 28, 'View', 'User view Food Menu .', '2024-08-17 18:37:24'),
(730, 28, 'View', 'User view Food Menu .', '2024-08-17 18:37:25'),
(731, 28, 'View', 'User view Reports Menu.', '2024-08-17 18:37:26'),
(732, 28, 'View', 'User view Reports Menu.', '2024-08-17 18:37:27'),
(733, 28, 'View', 'User view Food Menu .', '2024-08-17 18:37:27'),
(734, 28, 'View', 'User view Food Menu .', '2024-08-17 18:37:34'),
(735, 28, 'View', 'User view Food Menu .', '2024-08-17 18:47:33'),
(736, 28, 'View', 'User view Food Menu .', '2024-08-17 18:49:21'),
(737, 28, 'View', 'User view Food Menu .', '2024-08-17 18:49:51'),
(738, 28, 'View', 'User view Food Menu .', '2024-08-17 18:50:00'),
(739, 28, 'View', 'User view Food Menu .', '2024-08-17 18:50:08'),
(740, 28, 'View', 'User view Food Menu .', '2024-08-17 18:50:11'),
(741, 28, 'View', 'User view Food Menu Edit.', '2024-08-17 18:58:48'),
(742, 28, 'View', 'User view Food Menu .', '2024-08-17 18:59:04'),
(743, 28, 'View', 'User view Food Menu Edit.', '2024-08-17 18:59:26'),
(744, 28, 'Menu', 'User Has Updated a Menu.', '2024-08-17 18:59:49'),
(745, 28, 'View', 'User view Food Menu .', '2024-08-17 18:59:49'),
(746, 28, 'View', 'User view Reports Menu.', '2024-08-17 19:02:22'),
(747, 28, 'View', 'User view Food Menu .', '2024-08-17 19:02:23'),
(748, 28, 'View', 'User view Reports Menu.', '2024-08-17 19:03:03'),
(749, 28, 'View', 'User view Food Menu .', '2024-08-17 19:03:04'),
(750, 28, 'View', 'User view Food Menu Edit.', '2024-08-17 19:04:02'),
(751, 28, 'Menu', 'User Has Updated a Menu.', '2024-08-17 19:04:06'),
(752, 28, 'View', 'User view Food Menu .', '2024-08-17 19:04:06'),
(753, 28, 'View', 'User view Restore Food Menu .', '2024-08-17 19:04:39'),
(754, 28, 'View', 'User view Food Menu .', '2024-08-17 19:04:42'),
(755, 28, 'Menu', 'User Has Deleted a Menu.', '2024-08-17 19:04:52'),
(756, 28, 'View', 'User view Food Menu .', '2024-08-17 19:04:52');
INSERT INTO `activity_log` (`id`, `user_id`, `activity`, `description`, `timestamp`) VALUES
(757, 28, 'View', 'User view Restore Food Menu .', '2024-08-17 19:04:54'),
(758, 28, 'Menu', 'User Has Restored a Menu.', '2024-08-17 19:04:56'),
(759, 28, 'View', 'User view Restore Food Menu .', '2024-08-17 19:04:56'),
(760, 28, 'View', 'User view Restore Food Menu .', '2024-08-17 19:04:58'),
(761, 28, 'View', 'User view Food Menu .', '2024-08-17 19:04:59'),
(762, 28, 'View', 'User view Worker Menu.', '2024-08-17 19:06:00'),
(763, 28, 'View', 'User view Setting.', '2024-08-17 19:06:00'),
(764, 28, 'View', 'User view Reports Menu.', '2024-08-17 19:06:01'),
(765, 28, 'View', 'User view Food Menu .', '2024-08-17 19:06:03'),
(766, 28, 'View', 'User view Worker Menu.', '2024-08-17 19:06:03'),
(767, 28, 'View', 'User view Food Menu .', '2024-08-17 19:06:04'),
(768, 28, 'View', 'User view Worker Menu.', '2024-08-17 19:06:05'),
(769, 28, 'View', 'User view Setting.', '2024-08-17 19:06:05'),
(770, 28, 'View', 'User view Activity Log.', '2024-08-17 19:06:06'),
(771, 28, 'View', 'User view Setting.', '2024-08-17 19:06:07'),
(772, 28, 'View', 'User view Activity Log.', '2024-08-17 19:06:08'),
(773, 28, 'View', 'User view Order.', '2024-08-17 19:06:18'),
(774, 28, 'View', 'User view Food Menu .', '2024-08-17 19:06:18'),
(775, 28, 'View', 'User view Drink Menu.', '2024-08-17 19:06:49'),
(776, 28, 'View', 'User view Food Menu .', '2024-08-17 19:06:50'),
(777, 28, 'View', 'User view Food Menu Edit.', '2024-08-17 19:07:23'),
(778, 28, 'View', 'User view Food Menu .', '2024-08-17 19:07:25'),
(779, 28, 'View', 'User view Food Menu Edit.', '2024-08-17 19:07:38'),
(780, 28, 'View', 'User view Food Menu .', '2024-08-17 19:08:05'),
(781, 28, 'View', 'User view Food Menu Edit.', '2024-08-17 19:08:14'),
(782, 28, 'View', 'User view Food Menu .', '2024-08-17 19:08:17'),
(783, 28, 'View', 'User view Food Menu Edit.', '2024-08-17 19:08:33'),
(784, 28, 'View', 'User view Order.', '2024-08-17 19:09:13'),
(785, 28, 'View', 'User view Inprogress.', '2024-08-17 19:09:14'),
(786, 28, 'View', 'User view Order.', '2024-08-17 19:09:19'),
(787, 28, 'Transaction', 'User Has Made a Transaction.', '2024-08-17 19:09:25'),
(788, 28, 'View', 'User view Inprogress.', '2024-08-17 19:09:25'),
(789, 28, 'View', 'User view Edit Order.', '2024-08-17 19:09:32'),
(790, 28, 'View', 'User view Inprogress.', '2024-08-17 19:10:53'),
(791, 28, 'View', 'User view Inprogress.', '2024-08-17 19:11:37'),
(792, 28, 'View', 'User view Edit Order.', '2024-08-17 19:11:42'),
(793, 28, 'View', 'User view Edit Order.', '2024-08-17 19:12:03'),
(794, 28, 'View', 'User view Edit Order.', '2024-08-17 19:12:23'),
(795, 28, 'Updated', 'User Has Updated The transaction.', '2024-08-17 19:12:26'),
(796, 28, 'View', 'User view Inprogress.', '2024-08-17 19:12:26'),
(797, 28, 'View', 'User view Edit Order.', '2024-08-17 19:12:29'),
(798, 28, 'View', 'User view Order.', '2024-08-17 19:13:02'),
(799, 28, 'View', 'User view Inprogress.', '2024-08-17 19:13:10'),
(800, 28, 'View', 'User view Edit Order.', '2024-08-17 19:13:15'),
(801, 28, 'View', 'User view Food Menu .', '2024-08-17 19:13:56'),
(802, 28, 'View', 'User view Worker Menu.', '2024-08-17 19:13:57'),
(803, 28, 'View', 'User view Reports Menu.', '2024-08-17 19:13:57'),
(804, 28, 'View', 'User view Food Menu .', '2024-08-17 19:13:58'),
(805, 28, 'View', 'User view Activity Log.', '2024-08-17 19:14:01'),
(806, 28, 'View', 'User view Setting.', '2024-08-17 19:14:05'),
(807, 28, 'View', 'User view Worker Menu.', '2024-08-17 19:14:06'),
(808, 28, 'View', 'User view Chef Menu.', '2024-08-17 19:14:09'),
(809, 28, 'login', 'User logged in.', '2024-08-18 11:21:11'),
(810, 28, 'View', 'User view Dashboard.', '2024-08-18 11:21:11'),
(811, 28, 'View', 'User view Food Menu .', '2024-08-18 11:23:46'),
(812, 28, 'View', 'User view Food Menu.', '2024-08-18 11:26:00'),
(813, 28, 'View', 'User view Food Menu.', '2024-08-18 11:26:14'),
(814, 28, 'View', 'User view Food Menu Edit.', '2024-08-18 11:26:18'),
(815, 28, 'Menu', 'User Has Updated a Menu.', '2024-08-18 11:26:19'),
(816, 28, 'View', 'User view Food Menu.', '2024-08-18 11:26:19'),
(817, 28, 'View', 'User view Food Menu Edit.', '2024-08-18 11:26:26'),
(818, 28, 'View', 'User view Food Menu.', '2024-08-18 11:26:27'),
(819, 28, 'View', 'User view Food Menu.', '2024-08-18 11:26:47'),
(820, 28, 'View', 'User view Food Menu.', '2024-08-18 11:26:54'),
(821, 28, 'View', 'User view Food Menu.', '2024-08-18 11:26:58'),
(822, 28, 'View', 'User view Food Menu.', '2024-08-18 11:27:01'),
(823, 28, 'View', 'User view Food Menu.', '2024-08-18 11:27:09'),
(824, 28, 'View', 'User view Food Menu.', '2024-08-18 11:27:16'),
(825, 28, 'View', 'User view Food Menu.', '2024-08-18 11:27:29'),
(826, 28, 'View', 'User view Food Menu Edit.', '2024-08-18 11:27:31'),
(827, 28, 'Menu', 'User Has Updated a Menu.', '2024-08-18 11:27:32'),
(828, 28, 'View', 'User view Food Menu.', '2024-08-18 11:27:32'),
(829, 28, 'View', 'User view Food Menu.', '2024-08-18 11:27:40'),
(830, 28, 'View', 'User view Food Menu.', '2024-08-18 11:27:42'),
(831, 28, 'View', 'User view Food Menu.', '2024-08-18 11:27:44'),
(832, 28, 'View', 'User view Food Menu.', '2024-08-18 11:29:27'),
(833, 28, 'View', 'User view Food Menu Edit.', '2024-08-18 11:29:29'),
(834, 28, 'Menu', 'User Has Updated a Menu.', '2024-08-18 11:29:30'),
(835, 28, 'View', 'User view Food Menu.', '2024-08-18 11:29:30'),
(836, 28, 'View', 'User view Food Menu.', '2024-08-18 11:29:57'),
(837, 28, 'View', 'User view Food Menu.', '2024-08-18 11:31:18'),
(838, 28, 'View', 'User view Food Menu.', '2024-08-18 11:31:23'),
(839, 28, 'View', 'User view Food Menu Edit.', '2024-08-18 11:31:29'),
(840, 28, 'Menu', 'User Has Updated a Menu.', '2024-08-18 11:31:33'),
(841, 28, 'View', 'User view Food Menu.', '2024-08-18 11:31:33'),
(842, 28, 'View', 'User view Food Menu.', '2024-08-18 11:31:42'),
(843, 28, 'View', 'User view Food Menu.', '2024-08-18 11:32:17'),
(844, 28, 'View', 'User view Food Menu.', '2024-08-18 11:32:30'),
(845, 28, 'View', 'User view Food Menu.', '2024-08-18 11:35:02'),
(846, 28, 'View', 'User view Food Menu Edit.', '2024-08-18 11:35:03'),
(847, 28, 'View', 'User view Food Menu.', '2024-08-18 11:35:04'),
(848, 28, 'View', 'User view Food Menu Edit.', '2024-08-18 11:35:04'),
(849, 28, 'View', 'User view Food Menu.', '2024-08-18 11:35:05'),
(850, 28, 'View', 'User view Food Menu.', '2024-08-18 11:35:05'),
(851, 28, 'View', 'User view Food Menu Edit.', '2024-08-18 11:35:05'),
(852, 28, 'View', 'User view Food Menu.', '2024-08-18 11:35:06'),
(853, 28, 'View', 'User view Food Menu.', '2024-08-18 11:35:08'),
(854, 28, 'View', 'User view Food Menu Edit.', '2024-08-18 11:35:09'),
(855, 28, 'View', 'User view Food Menu.', '2024-08-18 11:35:09'),
(856, 28, 'View', 'User view Food Menu Edit.', '2024-08-18 11:35:12'),
(857, 28, 'Menu', 'User Has Updated a Menu.', '2024-08-18 11:35:15'),
(858, 28, 'View', 'User view Food Menu.', '2024-08-18 11:35:15'),
(859, 28, 'View', 'User view Food Menu Edit.', '2024-08-18 11:35:25'),
(860, 28, 'Menu', 'User Has Updated a Menu.', '2024-08-18 11:35:27'),
(861, 28, 'View', 'User view Food Menu.', '2024-08-18 11:35:28'),
(862, 28, 'View', 'User view Food Menu.', '2024-08-18 11:36:24'),
(863, 28, 'View', 'User view Add Menu.', '2024-08-18 11:36:26'),
(864, 28, 'Menu', 'User Has Added a Food Menu.', '2024-08-18 11:36:39'),
(865, 28, 'View', 'User view Food Menu.', '2024-08-18 11:36:39'),
(866, 28, 'View', 'User view Food Menu.', '2024-08-18 11:37:51'),
(867, 28, 'Menu', 'User Has Deleted a Menu.', '2024-08-18 11:37:57'),
(868, 28, 'View', 'User view Food Menu.', '2024-08-18 11:37:57'),
(869, 28, 'View', 'User view Restore Food Menu .', '2024-08-18 11:38:05'),
(870, 28, 'Menu', 'User Has Restored a Menu.', '2024-08-18 11:38:07'),
(871, 28, 'View', 'User view Restore Food Menu .', '2024-08-18 11:38:07'),
(872, 28, 'View', 'User view Restore Food Menu .', '2024-08-18 11:38:08'),
(873, 28, 'View', 'User view Food Menu.', '2024-08-18 11:38:09'),
(874, 28, 'View', 'User view Food Menu.', '2024-08-18 11:41:56'),
(875, 28, 'View', 'User view Food Menu Edit.', '2024-08-18 11:41:56'),
(876, 28, 'Menu', 'User Has Updated a Menu.', '2024-08-18 11:41:59'),
(877, 28, 'View', 'User view Food Menu.', '2024-08-18 11:41:59'),
(878, 28, 'View', 'User view Food Menu.', '2024-08-18 11:42:28'),
(879, 28, 'Menu', 'User Has Restore updated Menu.', '2024-08-18 11:42:29'),
(880, 28, 'View', 'User view Food Menu.', '2024-08-18 11:42:29'),
(881, 28, 'View', 'User view Food Menu.', '2024-08-18 11:42:33'),
(882, 28, 'View', 'User view Food Menu Edit.', '2024-08-18 11:42:35'),
(883, 28, 'Menu', 'User Has Updated a Menu.', '2024-08-18 11:42:36'),
(884, 28, 'View', 'User view Food Menu.', '2024-08-18 11:42:36'),
(885, 28, 'Menu', 'User Has Restore updated Menu.', '2024-08-18 11:42:37'),
(886, 28, 'View', 'User view Food Menu.', '2024-08-18 11:42:37'),
(887, 28, 'View', 'User view Food Menu Edit.', '2024-08-18 11:42:41'),
(888, 28, 'Menu', 'User Has Updated a Menu.', '2024-08-18 11:42:41'),
(889, 28, 'View', 'User view Food Menu.', '2024-08-18 11:42:41'),
(890, 28, 'View', 'User view Activity Log.', '2024-08-18 11:42:49'),
(891, 28, 'View', 'User view Activity Log.', '2024-08-18 11:42:52'),
(892, 28, 'View', 'User view Order.', '2024-08-18 11:43:12'),
(893, 28, 'View', 'User view Food Menu.', '2024-08-18 11:43:12'),
(894, 28, 'View', 'User view Reports Menu.', '2024-08-18 11:43:13'),
(895, 28, 'View', 'User view Worker Menu.', '2024-08-18 11:43:13'),
(896, 28, 'View', 'User view Food Menu.', '2024-08-18 11:43:13'),
(897, 28, 'View', 'User view Food Menu.', '2024-08-18 11:43:20'),
(898, 28, 'View', 'User view Food Menu Edit.', '2024-08-18 11:43:22'),
(899, 28, 'Menu', 'User Has Updated a Menu.', '2024-08-18 11:43:25'),
(900, 28, 'View', 'User view Food Menu.', '2024-08-18 11:43:25'),
(901, 28, 'Menu', 'User Has Restore updated Menu.', '2024-08-18 11:43:27'),
(902, 28, 'View', 'User view Food Menu.', '2024-08-18 11:43:29'),
(903, 28, 'Menu', 'User Has Restore updated Menu.', '2024-08-18 11:43:53'),
(904, 28, 'View', 'User view Food Menu.', '2024-08-18 11:44:14'),
(905, 28, 'Menu', 'User Has Restore updated Menu.', '2024-08-18 11:45:22'),
(906, 28, 'View', 'User view Food Menu.', '2024-08-18 11:45:32'),
(907, 28, 'Menu', 'User Has Restore updated Menu.', '2024-08-18 11:45:46'),
(908, 28, 'View', 'User view Food Menu.', '2024-08-18 11:45:49'),
(909, 28, 'View', 'User view Food Menu.', '2024-08-18 11:45:51'),
(910, 28, 'Menu', 'User Has Restore updated Menu.', '2024-08-18 11:45:51'),
(911, 28, 'View', 'User view Food Menu.', '2024-08-18 11:45:54'),
(912, 28, 'Menu', 'User Has Restore updated Menu.', '2024-08-18 11:46:01'),
(913, 28, 'View', 'User view Food Menu.', '2024-08-18 11:46:01'),
(914, 28, 'View', 'User view Food Menu Edit.', '2024-08-18 11:46:49'),
(915, 28, 'Menu', 'User Has Updated a Menu.', '2024-08-18 11:46:50'),
(916, 28, 'View', 'User view Food Menu.', '2024-08-18 11:46:50'),
(917, 28, 'Menu', 'User Has Restored and Updated a Menu.', '2024-08-18 11:46:52'),
(918, 28, 'View', 'User view Food Menu.', '2024-08-18 11:46:52'),
(919, 28, 'View', 'User view Food Menu.', '2024-08-18 11:47:24'),
(920, 28, 'Menu', 'User Has Restore updated Menu.', '2024-08-18 11:47:26'),
(921, 28, 'View', 'User view Food Menu.', '2024-08-18 11:47:29'),
(922, 28, 'Menu', 'User Has Restore updated Menu.', '2024-08-18 11:47:41'),
(923, 28, 'View', 'User view Food Menu.', '2024-08-18 11:48:07'),
(924, 28, 'Menu', 'User Has Restore updated Menu.', '2024-08-18 11:48:08'),
(925, 28, 'View', 'User view Food Menu.', '2024-08-18 11:48:10'),
(926, 28, 'Menu', 'User Has Restore updated Menu.', '2024-08-18 11:48:28'),
(927, 28, 'View', 'User view Food Menu.', '2024-08-18 11:48:29'),
(928, 28, 'View', 'User view Food Menu.', '2024-08-18 11:48:29'),
(929, 28, 'Menu', 'User Has Restore updated Menu.', '2024-08-18 11:48:30'),
(930, 28, 'View', 'User view Food Menu.', '2024-08-18 11:48:31'),
(931, 28, 'View', 'User view Food Menu.', '2024-08-18 11:48:56'),
(932, 28, 'Menu', 'User Has Restore updated Menu.', '2024-08-18 11:48:56'),
(933, 28, 'View', 'User view Food Menu.', '2024-08-18 11:48:57'),
(934, 28, 'View', 'User view Food Menu Edit.', '2024-08-18 11:49:16'),
(935, 28, 'Menu', 'User Has Updated a Menu.', '2024-08-18 11:49:17'),
(936, 28, 'View', 'User view Food Menu.', '2024-08-18 11:49:17'),
(937, 28, 'Menu', 'User Has Restore updated Menu.', '2024-08-18 11:49:18'),
(938, 28, 'View', 'User view Food Menu.', '2024-08-18 11:49:20'),
(939, 28, 'View', 'User view Food Menu.', '2024-08-18 11:49:57'),
(940, 28, 'Menu', 'User Has Restore updated Menu.', '2024-08-18 11:49:59'),
(941, 28, 'View', 'User view Food Menu.', '2024-08-18 11:50:01'),
(942, 28, 'View', 'User view Food Menu Edit.', '2024-08-18 11:50:14'),
(943, 28, 'Menu', 'User Has Updated a Menu.', '2024-08-18 11:50:16'),
(944, 28, 'View', 'User view Food Menu.', '2024-08-18 11:50:16'),
(945, 28, 'Menu', 'User Has Restore updated Menu.', '2024-08-18 11:50:18'),
(946, 28, 'View', 'User view Food Menu.', '2024-08-18 11:50:18'),
(947, 28, 'View', 'User view Drink Menu.', '2024-08-18 11:50:32'),
(948, 28, 'View', 'User view Food Menu.', '2024-08-18 11:50:33'),
(949, 28, 'View', 'User view Drink Menu.', '2024-08-18 11:52:30'),
(950, 28, 'View', 'User view Drink Menu.', '2024-08-18 11:52:30'),
(951, 28, 'View', 'User view Drink Menu.', '2024-08-18 11:52:40'),
(952, 28, 'View', 'User view Drink Menu.', '2024-08-18 11:52:43'),
(953, 28, 'View', 'User view Drink Menu.', '2024-08-18 11:52:58'),
(954, 28, 'View', 'User view Drink Menu.', '2024-08-18 11:53:24'),
(955, 28, 'View', 'User view Drink Menu.', '2024-08-18 11:54:13'),
(956, 28, 'View', 'User view Edit Drink Menu.', '2024-08-18 11:54:15'),
(957, 28, 'Drink', 'User Has Updated a Drink.', '2024-08-18 11:54:16'),
(958, 28, 'View', 'User view Drink Menu.', '2024-08-18 11:54:16'),
(959, 28, 'View', 'User view Drink Menu.', '2024-08-18 11:55:19'),
(960, 28, 'View', 'User view Drink Menu.', '2024-08-18 11:56:52'),
(961, 28, 'View', 'User view Drink Menu.', '2024-08-18 11:56:53'),
(962, 28, 'View', 'User view Drink Menu.', '2024-08-18 11:56:53'),
(963, 28, 'View', 'User view Drink Menu.', '2024-08-18 11:57:02'),
(964, 28, 'View', 'User view Drink Menu.', '2024-08-18 11:57:12'),
(965, 28, 'View', 'User view Drink Menu.', '2024-08-18 11:57:35'),
(966, 28, 'View', 'User view Drink Menu.', '2024-08-18 11:57:45'),
(967, 28, 'View', 'User view Drink Menu.', '2024-08-18 11:58:19'),
(968, 28, 'View', 'User view Drink Menu.', '2024-08-18 11:58:27'),
(969, 28, 'View', 'User view Drink Menu.', '2024-08-18 11:58:38'),
(970, 28, 'View', 'User view Drink Menu.', '2024-08-18 11:59:08'),
(971, 28, 'View', 'User view Drink Menu.', '2024-08-18 11:59:42'),
(972, 28, 'View', 'User view Drink Menu.', '2024-08-18 11:59:48'),
(973, 28, 'View', 'User view Drink Menu.', '2024-08-18 12:00:26'),
(974, 28, 'View', 'User view Drink Menu.', '2024-08-18 12:00:51'),
(975, 28, 'View', 'User view Drink Menu.', '2024-08-18 12:00:52'),
(976, 28, 'View', 'User view Drink Menu.', '2024-08-18 12:00:52'),
(977, 28, 'View', 'User view Drink Menu.', '2024-08-18 12:01:00'),
(978, 28, 'View', 'User view Drink Menu.', '2024-08-18 12:01:42'),
(979, 28, 'View', 'User view Drink Menu.', '2024-08-18 12:06:05'),
(980, 28, 'View', 'User view Edit Drink Menu.', '2024-08-18 12:06:08'),
(981, 28, 'Drink', 'User Has Updated a Drink.', '2024-08-18 12:06:10'),
(982, 28, 'View', 'User view Drink Menu.', '2024-08-18 12:06:10'),
(983, 28, 'Menu', 'User Has Restore updated Menu.', '2024-08-18 12:06:12'),
(984, 28, 'View', 'User view Drink Menu.', '2024-08-18 12:06:12'),
(985, 28, 'View', 'User view Drink Menu.', '2024-08-18 12:06:15'),
(986, 28, 'Menu', 'User Has Restore updated Menu.', '2024-08-18 12:06:29'),
(987, 28, 'View', 'User view Drink Menu.', '2024-08-18 12:06:29'),
(988, 28, 'View', 'User view Drink Menu.', '2024-08-18 12:06:31'),
(989, 28, 'View', 'User view Drink Menu.', '2024-08-18 12:06:44'),
(990, 28, 'Menu', 'User Has Restore updated Menu.', '2024-08-18 12:06:46'),
(991, 28, 'View', 'User view Drink Menu.', '2024-08-18 12:07:01'),
(992, 28, 'Drink', 'User Has Restore updated Drink.', '2024-08-18 12:08:53'),
(993, 28, 'View', 'User view Drink Menu.', '2024-08-18 12:08:54'),
(994, 28, 'View', 'User view Drink Menu.', '2024-08-18 12:08:55'),
(995, 28, 'View', 'User view Drink Menu.', '2024-08-18 12:17:03'),
(996, 28, 'Drink', 'User Has Restore updated Drink.', '2024-08-18 12:17:04'),
(997, 28, 'View', 'User view Drink Menu.', '2024-08-18 12:17:05'),
(998, 28, 'Drink', 'User Has Restore updated Drink.', '2024-08-18 12:17:07'),
(999, 28, 'View', 'User view Drink Menu.', '2024-08-18 12:17:11'),
(1000, 28, 'Drink', 'User Has Restore updated Drink.', '2024-08-18 12:17:33'),
(1001, 28, 'View', 'User view Drink Menu.', '2024-08-18 12:17:39'),
(1002, 28, 'View', 'User view Drink Menu.', '2024-08-18 12:17:41'),
(1003, 28, 'Drink', 'User Has Restore updated Drink.', '2024-08-18 12:17:42'),
(1004, 28, 'View', 'User view Drink Menu.', '2024-08-18 12:17:44'),
(1005, 28, 'Drink', 'User Has Restore updated Drink.', '2024-08-18 12:17:46'),
(1006, 28, 'View', 'User view Drink Menu.', '2024-08-18 12:17:48'),
(1007, 28, 'View', 'User view Edit Drink Menu.', '2024-08-18 12:18:13'),
(1008, 28, 'Drink', 'User Has Updated a Drink.', '2024-08-18 12:18:15'),
(1009, 28, 'View', 'User view Drink Menu.', '2024-08-18 12:18:15'),
(1010, 28, 'Drink', 'User Has Restore updated Drink.', '2024-08-18 12:18:17'),
(1011, 28, 'View', 'User view Drink Menu.', '2024-08-18 12:18:17'),
(1012, 28, 'View', 'User view Add Menu Drink.', '2024-08-18 12:18:47'),
(1013, 28, 'Drink', 'User Has Added a Drink.', '2024-08-18 12:19:08'),
(1014, 28, 'View', 'User view Drink Menu.', '2024-08-18 12:19:09'),
(1015, 28, 'View', 'User view Drink Menu.', '2024-08-18 12:19:45'),
(1016, 28, 'View', 'User view Food Menu.', '2024-08-18 12:19:46'),
(1017, 28, 'View', 'User view Drink Menu.', '2024-08-18 12:19:46'),
(1018, 28, 'View', 'User view Drink Menu.', '2024-08-18 12:19:50'),
(1019, 28, 'View', 'User view Drink Menu.', '2024-08-18 12:19:51'),
(1020, 28, 'View', 'User view Food Menu.', '2024-08-18 12:19:57'),
(1021, 28, 'View', 'User view Drink Menu.', '2024-08-18 12:19:57'),
(1022, 28, 'View', 'User view Food Menu.', '2024-08-18 12:19:59'),
(1023, 28, 'View', 'User view Drink Menu.', '2024-08-18 12:20:01'),
(1024, 28, 'View', 'User view Restore Drink Menu.', '2024-08-18 12:20:02'),
(1025, 28, 'View', 'User view Drink Menu.', '2024-08-18 12:20:05'),
(1026, 28, 'View', 'User view Restore Drink Menu.', '2024-08-18 12:20:14'),
(1027, 28, 'View', 'User view Drink Menu.', '2024-08-18 12:20:15'),
(1028, 28, 'View', 'User view Drink Menu.', '2024-08-18 12:20:20'),
(1029, 28, 'View', 'User view Add Menu Drink.', '2024-08-18 12:20:21'),
(1030, 28, 'Drink', 'User Has Added a Drink.', '2024-08-18 12:20:34'),
(1031, 28, 'View', 'User view Drink Menu.', '2024-08-18 12:20:34'),
(1032, 28, 'View', 'User view Drink Menu.', '2024-08-18 12:21:43'),
(1033, 28, 'Drink', 'User Has Deleted a Drink.', '2024-08-18 12:21:44'),
(1034, 28, 'View', 'User view Drink Menu.', '2024-08-18 12:21:44'),
(1035, 28, 'View', 'User view Restore Drink Menu.', '2024-08-18 12:21:45'),
(1036, 28, 'Menu', 'User Has Restored a Minuman.', '2024-08-18 12:21:49'),
(1037, 28, 'View', 'User view Restore Drink Menu.', '2024-08-18 12:21:49'),
(1038, 28, 'View', 'User view Restore Food Menu .', '2024-08-18 12:21:52'),
(1039, 28, 'View', 'User view Restore Drink Menu.', '2024-08-18 12:21:52'),
(1040, 28, 'View', 'User view Restore Drink Menu.', '2024-08-18 12:21:54'),
(1041, 28, 'View', 'User view Restore Food Menu .', '2024-08-18 12:21:56'),
(1042, 28, 'View', 'User view Restore Drink Menu.', '2024-08-18 12:21:57'),
(1043, 28, 'View', 'User view Food Menu.', '2024-08-18 12:21:59'),
(1044, 28, 'View', 'User view Drink Menu.', '2024-08-18 12:22:01'),
(1045, 28, 'View', 'User view Worker Menu.', '2024-08-18 12:22:09'),
(1046, 28, 'View', 'User view Chef Menu.', '2024-08-18 12:22:10'),
(1047, 28, 'View', 'User view Admin Menu.', '2024-08-18 12:22:10'),
(1048, 28, 'View', 'User view Manager Menu.', '2024-08-18 12:22:11'),
(1049, 28, 'View', 'User view Worker Menu.', '2024-08-18 12:22:12'),
(1050, 28, 'View', 'User view Chef Menu.', '2024-08-18 12:22:12'),
(1051, 28, 'View', 'User view Manager Menu.', '2024-08-18 12:22:13'),
(1052, 28, 'View', 'User view Admin Menu.', '2024-08-18 12:22:14'),
(1053, 28, 'View', 'User view Chef Menu.', '2024-08-18 12:22:14'),
(1054, 28, 'View', 'User view Worker Menu.', '2024-08-18 12:22:15'),
(1055, 28, 'View', 'User view Chef Menu.', '2024-08-18 12:22:15'),
(1056, 28, 'View', 'User view Admin Menu.', '2024-08-18 12:22:15'),
(1057, 28, 'View', 'User view Manager Menu.', '2024-08-18 12:22:16'),
(1058, 28, 'View', 'User view Worker Menu.', '2024-08-18 12:22:16'),
(1059, 28, 'View', 'User view Chef Menu.', '2024-08-18 12:22:17'),
(1060, 28, 'View', 'User view Admin Menu.', '2024-08-18 12:22:17'),
(1061, 28, 'View', 'User view Manager Menu.', '2024-08-18 12:22:17'),
(1062, 28, 'View', 'User view Worker Menu.', '2024-08-18 12:22:18'),
(1063, 28, 'View', 'User view Chef Menu.', '2024-08-18 12:22:18'),
(1064, 28, 'View', 'User view Admin Menu.', '2024-08-18 12:22:19'),
(1065, 28, 'View', 'User view Manager Menu.', '2024-08-18 12:22:19'),
(1066, 28, 'View', 'User view Worker Menu.', '2024-08-18 12:22:20'),
(1067, 28, 'View', 'User view Chef Menu.', '2024-08-18 12:22:20'),
(1068, 28, 'View', 'User view Admin Menu.', '2024-08-18 12:22:21'),
(1069, 28, 'View', 'User view Manager Menu.', '2024-08-18 12:22:21'),
(1070, 28, 'View', 'User view Worker Menu.', '2024-08-18 12:22:46'),
(1071, 28, 'View', 'User view Worker Menu.', '2024-08-18 12:22:46'),
(1072, 28, 'View', 'User view Worker Menu.', '2024-08-18 12:23:30'),
(1073, 28, 'View', 'User view Worker Menu.', '2024-08-18 12:25:42'),
(1074, 28, 'View', 'User view Add User.', '2024-08-18 12:25:43'),
(1075, 28, 'View', 'User view Manager Menu.', '2024-08-18 12:25:44'),
(1076, 28, 'View', 'User view Chef Menu.', '2024-08-18 12:25:44'),
(1077, 28, 'View', 'User view Worker Menu.', '2024-08-18 12:25:44'),
(1078, 28, 'View', 'User view Manager Menu.', '2024-08-18 12:25:45'),
(1079, 28, 'View', 'User view Chef Menu.', '2024-08-18 12:25:45'),
(1080, 28, 'View', 'User view Admin Menu.', '2024-08-18 12:25:46'),
(1081, 28, 'View', 'User view Worker Menu.', '2024-08-18 12:25:46'),
(1082, 28, 'View', 'User view Admin Menu.', '2024-08-18 12:25:46'),
(1083, 28, 'View', 'User view Chef Menu.', '2024-08-18 12:25:47'),
(1084, 28, 'View', 'User view Manager Menu.', '2024-08-18 12:25:47'),
(1085, 28, 'View', 'User view Worker Menu.', '2024-08-18 12:25:48'),
(1086, 28, 'View', 'User view Add User.', '2024-08-18 12:25:48'),
(1087, 28, 'View', 'User view Worker Menu.', '2024-08-18 12:25:58'),
(1088, 28, 'View', 'User view Reports Menu.', '2024-08-18 12:25:58');

-- --------------------------------------------------------

--
-- Table structure for table `logo`
--

CREATE TABLE `logo` (
  `id_logo` int(11) NOT NULL,
  `nama_Logo` varchar(255) DEFAULT NULL,
  `logos` varchar(255) DEFAULT NULL,
  `icon` varchar(255) DEFAULT NULL,
  `anima1` varchar(255) DEFAULT NULL,
  `anima2` varchar(255) DEFAULT NULL,
  `create_at` datetime DEFAULT NULL,
  `update_at` datetime DEFAULT NULL,
  `deleted_at` datetime DEFAULT NULL,
  `edit_by` int(11) DEFAULT NULL
) ENGINE=InnoDB DEFAULT CHARSET=utf8mb4 COLLATE=utf8mb4_general_ci;

--
-- Dumping data for table `logo`
--

INSERT INTO `logo` (`id_logo`, `nama_Logo`, `logos`, `icon`, `anima1`, `anima2`, `create_at`, `update_at`, `deleted_at`, `edit_by`) VALUES
(1, 'Rumah Makan Lytech Industry', 'Screenshot 2024-06-21 225548.png', 'Screenshot 2024-08-02 113206_1.png', 'rumah.jpg', 'menu.jpg', NULL, NULL, NULL, NULL);

-- --------------------------------------------------------

--
-- Table structure for table `menu`
--

CREATE TABLE `menu` (
  `id_menu` int(11) NOT NULL,
  `Kode` varchar(255) DEFAULT NULL,
  `Kategory` enum('Lauk','Nasi','Ringan','Panas','Mie','Paket') DEFAULT NULL,
  `nama_Menu` varchar(255) DEFAULT NULL,
  `harga_menu` int(11) DEFAULT NULL,
  `Stok` int(11) DEFAULT NULL,
  `Soft` enum('Deleted','Restore') DEFAULT NULL,
  `create_at` datetime DEFAULT NULL,
  `update_at` datetime DEFAULT NULL,
  `deleted_at` datetime DEFAULT NULL,
  `edit_by` int(11) DEFAULT NULL
) ENGINE=InnoDB DEFAULT CHARSET=utf8mb4 COLLATE=utf8mb4_general_ci;

--
-- Dumping data for table `menu`
--

INSERT INTO `menu` (`id_menu`, `Kode`, `Kategory`, `nama_Menu`, `harga_menu`, `Stok`, `Soft`, `create_at`, `update_at`, `deleted_at`, `edit_by`) VALUES
(1, 'M-2024-01', 'Panas', 'Ayam Penyet', 200000, 100, 'Restore', NULL, NULL, NULL, NULL),
(2, 'M-2024-02', 'Mie', 'Mie Goreng', 10000, 12, 'Restore', NULL, NULL, NULL, NULL),
(3, 'M-2024-03', 'Mie', 'Mie Kuah', 10000, 232, 'Restore', NULL, NULL, NULL, NULL),
(4, 'M-2024-04', 'Nasi', 'Nasi Goreng', 15000, 11, 'Restore', NULL, NULL, NULL, NULL),
(5, 'M-2024-05', 'Lauk', 'Gulai', 5000, 19, 'Restore', NULL, NULL, NULL, NULL),
(6, 'M-2024-06', 'Nasi', 'Nasi', 3000, 502, 'Restore', NULL, NULL, NULL, NULL),
(7, 'M-2024-07', 'Lauk', 'Ayam Goreng', 5000, 24, 'Restore', NULL, NULL, NULL, NULL),
(8, 'M-2024-08', 'Lauk', 'Ayam Bakar', 7000, 37, 'Restore', NULL, NULL, NULL, NULL),
(13, 'M-2024-09', 'Lauk', 'ayam pepes', 10000, 189, 'Restore', NULL, NULL, NULL, NULL),
(14, 'M-2024-10', '', 'empty', 0, 189, 'Restore', NULL, NULL, NULL, NULL),
(15, 'M-2024-11', 'Panas', 'KFC', 3000000, 111111, 'Restore', NULL, NULL, NULL, NULL),
(19, 'MI-2024-012', 'Lauk', 'Juno nigga', 131231232, 190, 'Deleted', NULL, NULL, NULL, NULL),
(20, 'MI-2024-013', 'Nasi', 'Juno nigga', 323, 1, 'Deleted', NULL, NULL, NULL, NULL),
(21, 'MI-2024-014', 'Nasi', '', 0, 0, 'Deleted', NULL, NULL, NULL, NULL),
(22, 'MI-2024-015', 'Nasi', 'nasgor', 200000, 1900, 'Restore', NULL, NULL, NULL, NULL);

-- --------------------------------------------------------

--
-- Table structure for table `menu_backup`
--

CREATE TABLE `menu_backup` (
  `id_menu` int(11) NOT NULL,
  `Kode` varchar(255) DEFAULT NULL,
  `Kategory` enum('Lauk','Nasi','Ringan','Panas','Mie','Paket') DEFAULT NULL,
  `nama_Menu` varchar(255) DEFAULT NULL,
  `harga_menu` int(11) DEFAULT NULL,
  `Stok` int(11) DEFAULT NULL,
  `Soft` enum('Deleted','Restore') DEFAULT NULL,
  `create_at` datetime DEFAULT NULL,
  `update_at` datetime DEFAULT NULL,
  `deleted_at` datetime DEFAULT NULL,
  `edit_by` int(11) DEFAULT NULL
) ENGINE=InnoDB DEFAULT CHARSET=utf8mb4 COLLATE=utf8mb4_general_ci;

--
-- Dumping data for table `menu_backup`
--

INSERT INTO `menu_backup` (`id_menu`, `Kode`, `Kategory`, `nama_Menu`, `harga_menu`, `Stok`, `Soft`, `create_at`, `update_at`, `deleted_at`, `edit_by`) VALUES
(1, 'M-2024-01', 'Panas', 'Ayam Penyet', 200000, 100, 'Restore', NULL, NULL, NULL, NULL),
(2, 'M-2024-02', 'Mie', 'Mie Goreng', 10000, 12, 'Restore', NULL, NULL, NULL, NULL),
(3, 'M-2024-03', 'Mie', 'Mie Kuah', 10000, 23, 'Restore', NULL, NULL, NULL, NULL),
(4, 'M-2024-04', 'Nasi', 'Nasi Goreng', 15000, 11, 'Restore', NULL, NULL, NULL, NULL),
(5, 'M-2024-05', 'Lauk', 'Gulai', 5000, 19, 'Restore', NULL, NULL, NULL, NULL),
(6, 'M-2024-06', 'Nasi', 'Nasi', 3000, 502, 'Restore', NULL, NULL, NULL, NULL),
(7, 'M-2024-07', 'Lauk', 'Ayam Goreng', 5000, 24, 'Restore', NULL, NULL, NULL, NULL),
(8, 'M-2024-08', 'Lauk', 'Ayam Bakar', 7000, 37, 'Restore', NULL, NULL, NULL, NULL),
(13, 'M-2024-09', 'Lauk', 'ayam pepes', 10000, 190, 'Restore', NULL, NULL, NULL, NULL),
(14, 'M-2024-10', '', 'empty', 0, 189, 'Restore', NULL, NULL, NULL, NULL),
(15, 'M-2024-11', 'Panas', 'KFC', 3000000, 111111, 'Restore', NULL, NULL, NULL, NULL),
(19, 'MI-2024-012', 'Lauk', 'Juno nigga', 131231232, 190, 'Deleted', NULL, NULL, NULL, NULL),
(20, 'MI-2024-013', 'Nasi', 'Juno nigga', 323, 1, 'Deleted', NULL, NULL, NULL, NULL),
(21, 'MI-2024-014', 'Nasi', '', 0, 0, 'Deleted', NULL, NULL, NULL, NULL),
(22, 'MI-2024-015', 'Nasi', 'nasgor', 200000, 1900, 'Restore', NULL, NULL, NULL, NULL);

-- --------------------------------------------------------

--
-- Table structure for table `minuman`
--

CREATE TABLE `minuman` (
  `id_minuman` int(11) NOT NULL,
  `Kode` varchar(255) DEFAULT NULL,
  `Kategory` enum('Panas','Dingin') DEFAULT NULL,
  `nama_minuman` varchar(255) DEFAULT NULL,
  `harga_minuman` int(11) DEFAULT NULL,
  `stok` int(11) DEFAULT NULL,
  `Soft` enum('Deleted','Restore') DEFAULT NULL,
  `created_at` datetime DEFAULT NULL,
  `update_at` datetime DEFAULT NULL,
  `deleted_at` datetime DEFAULT NULL,
  `edit_by` int(11) DEFAULT NULL
) ENGINE=InnoDB DEFAULT CHARSET=utf8mb4 COLLATE=utf8mb4_general_ci;

--
-- Dumping data for table `minuman`
--

INSERT INTO `minuman` (`id_minuman`, `Kode`, `Kategory`, `nama_minuman`, `harga_minuman`, `stok`, `Soft`, `created_at`, `update_at`, `deleted_at`, `edit_by`) VALUES
(1, 'MI-2024-01', 'Dingin', 'Sanford', 3000, 56, 'Restore', NULL, NULL, NULL, NULL),
(2, 'MI-2024-02', 'Dingin', 'Teh Obeng', 5000, 193, 'Restore', NULL, NULL, NULL, NULL),
(4, 'MI-2024-03', 'Dingin', 'Sprite', 5000, 141, 'Restore', NULL, NULL, NULL, NULL),
(5, 'MI-2024-04', NULL, 'empty', 0, 190, 'Deleted', NULL, NULL, NULL, NULL),
(6, 'MI-2024-05', 'Dingin', 'Aqua', 1111111, 1900, 'Restore', NULL, NULL, NULL, NULL),
(7, 'MI-2024-06', 'Dingin', 'PT Citra Buana', 0, 19000, 'Deleted', NULL, NULL, NULL, NULL),
(11, 'MI-2024-008', 'Dingin', 'Teh Tarik', 5000, 12, 'Restore', NULL, NULL, NULL, NULL);

-- --------------------------------------------------------

--
-- Table structure for table `minuman_backup`
--

CREATE TABLE `minuman_backup` (
  `id_minuman` int(11) NOT NULL,
  `Kode` varchar(255) DEFAULT NULL,
  `Kategory` enum('Panas','Dingin') DEFAULT NULL,
  `nama_minuman` varchar(255) DEFAULT NULL,
  `harga_minuman` int(11) DEFAULT NULL,
  `stok` int(11) DEFAULT NULL,
  `Soft` enum('Deleted','Restore') DEFAULT NULL,
  `created_at` datetime DEFAULT NULL,
  `update_at` datetime DEFAULT NULL,
  `deleted_at` datetime DEFAULT NULL,
  `edit_by` int(11) DEFAULT NULL
) ENGINE=InnoDB DEFAULT CHARSET=utf8mb4 COLLATE=utf8mb4_general_ci;

--
-- Dumping data for table `minuman_backup`
--

INSERT INTO `minuman_backup` (`id_minuman`, `Kode`, `Kategory`, `nama_minuman`, `harga_minuman`, `stok`, `Soft`, `created_at`, `update_at`, `deleted_at`, `edit_by`) VALUES
(1, 'MI-2024-01', 'Dingin', 'Sanford', 3000, 56, 'Restore', NULL, NULL, NULL, NULL),
(2, 'MI-2024-02', 'Dingin', 'Teh Obeng', 5000, 193, 'Restore', NULL, NULL, NULL, NULL),
(4, 'MI-2024-03', 'Dingin', 'Sprite', 5000, 141, 'Restore', NULL, NULL, NULL, NULL),
(5, 'MI-2024-04', NULL, 'empty', 0, 190, 'Deleted', NULL, NULL, NULL, NULL),
(6, 'MI-2024-05', 'Dingin', 'Aqua', 1111111, 1900, 'Restore', NULL, NULL, NULL, NULL),
(7, 'MI-2024-06', 'Dingin', 'PT Citra Buana', 0, 19000, 'Deleted', NULL, NULL, NULL, NULL),
(11, 'MI-2024-008', 'Dingin', 'Teh Tarik', 5000, 12, 'Restore', NULL, NULL, NULL, NULL);

-- --------------------------------------------------------

--
-- Table structure for table `transaksi`
--

CREATE TABLE `transaksi` (
  `id_transaksi` int(11) NOT NULL,
  `Nomor` varchar(255) DEFAULT NULL,
  `user` varchar(122) DEFAULT NULL,
  `admin` varchar(112) DEFAULT NULL,
  `tanggal` date DEFAULT NULL,
  `id_menu` int(11) DEFAULT NULL,
  `total_menu` int(11) DEFAULT NULL,
  `id_minuman` int(11) DEFAULT NULL,
  `total_minuman` int(11) DEFAULT NULL,
  `total_harga` int(11) DEFAULT NULL,
  `progress` enum('inprogress','selesai') DEFAULT NULL,
  `Total_bayar` int(11) DEFAULT NULL,
  `pending` enum('Lunas','Pending') DEFAULT NULL,
  `Selesai` enum('Siap Diantarkan','Inprogress','pending') DEFAULT NULL,
  `create_at` datetime DEFAULT NULL,
  `update_at` datetime DEFAULT NULL,
  `deleted_at` datetime DEFAULT NULL,
  `edit_by` int(11) DEFAULT NULL
) ENGINE=InnoDB DEFAULT CHARSET=utf8mb4 COLLATE=utf8mb4_general_ci;

--
-- Dumping data for table `transaksi`
--

INSERT INTO `transaksi` (`id_transaksi`, `Nomor`, `user`, `admin`, `tanggal`, `id_menu`, `total_menu`, `id_minuman`, `total_minuman`, `total_harga`, `progress`, `Total_bayar`, `pending`, `Selesai`, `create_at`, `update_at`, `deleted_at`, `edit_by`) VALUES
(96, 'NO-2024-01', 'admin1', 'petugas', '2024-07-30', 6, 2, 4, 2, 48000, 'selesai', 2147483647, 'Lunas', 'Siap Diantarkan', NULL, NULL, NULL, NULL),
(97, 'NO-2024-01', 'admin1', 'petugas', '2024-07-30', 6, 2, 4, 2, 48000, 'selesai', 2147483647, 'Lunas', 'Siap Diantarkan', NULL, NULL, NULL, NULL),
(98, 'NO-2024-01', 'admin1', 'petugas', '2024-07-30', 6, 2, 4, 2, 48000, 'selesai', 2147483647, 'Lunas', 'Siap Diantarkan', NULL, NULL, NULL, NULL),
(100, 'NO-2024-02', 'admin1', 'petugas', '2024-07-30', 7, 2, 2, 6, 55000, 'selesai', 75000, 'Lunas', 'Siap Diantarkan', NULL, NULL, NULL, NULL),
(101, 'NO-2024-02', 'admin1', 'petugas', '2024-07-30', 4, 1, 5, 0, 55000, 'selesai', 75000, 'Lunas', 'Siap Diantarkan', NULL, NULL, NULL, NULL),
(114, 'NO-2024-04', 'admin1', 'petugas', '2024-07-31', 2, 4, 2, 1, 60000, 'selesai', 75000, 'Lunas', 'Siap Diantarkan', NULL, NULL, NULL, NULL),
(115, 'NO-2024-04', 'admin1', 'petugas', '2024-07-31', 3, 1, 2, 1, 60000, 'selesai', 75000, 'Lunas', 'Siap Diantarkan', NULL, NULL, NULL, NULL),
(138, 'NO-2024-07', 'Axo', 'petugas', '2024-08-01', 2, 3, 5, 0, 75000, 'selesai', 200000, 'Lunas', 'Siap Diantarkan', NULL, NULL, NULL, NULL),
(140, 'NO-2024-08', 'admin1', 'petugas', '2024-08-01', 2, 3, 2, 3, 225000, 'inprogress', 75000, 'Lunas', 'pending', NULL, NULL, NULL, NULL),
(141, 'NO-2024-08', 'admin1', 'petugas', '2024-08-01', 3, 0, 5, 3, 225000, 'inprogress', 75000, 'Lunas', 'pending', NULL, NULL, NULL, NULL),
(142, 'NO-2024-09', 'admin1', 'petugas', '2024-08-01', 3, 4, 5, 0, 40000, 'inprogress', 40000, 'Lunas', 'pending', NULL, NULL, NULL, NULL),
(143, 'NO-2024-10', 'admin1', 'petugas', '2024-08-01', 3, 1, 5, 0, 1000000, 'inprogress', 2147483647, 'Lunas', 'pending', NULL, NULL, NULL, NULL),
(147, 'NO-2024-14', 'PC', 'petugas', '2024-08-01', 3, 2, 5, 0, 40000, 'inprogress', 50000, 'Lunas', 'Inprogress', NULL, NULL, NULL, NULL),
(148, 'NO-2024-14', 'PC', 'petugas', '2024-08-01', 2, 0, 5, 0, 40000, 'inprogress', 50000, 'Lunas', 'Inprogress', NULL, NULL, NULL, NULL),
(186, 'NO-2024-24', 'PC', 'petugas', '2024-08-05', 3, 2, 1, 2, 50000, 'inprogress', 100000, 'Lunas', 'Siap Diantarkan', NULL, NULL, NULL, NULL),
(188, 'NO-2024-25', 'PC', 'petugas', '2024-08-06', 6, 2, 2, 2, 42000, 'selesai', NULL, 'Pending', 'Siap Diantarkan', NULL, NULL, NULL, NULL),
(189, 'NO-2024-25', 'PC', 'petugas', '2024-08-06', 3, 2, 1, 2, 42000, 'selesai', NULL, 'Pending', 'Siap Diantarkan', NULL, NULL, NULL, NULL),
(191, 'NO-2024-26', '', 'petugas', '2024-08-06', 6, 2, 2, 2, 46000, 'selesai', NULL, 'Pending', 'Siap Diantarkan', NULL, NULL, NULL, NULL),
(192, 'NO-2024-26', '', 'petugas', '2024-08-06', 2, 1, 2, NULL, 46000, 'selesai', NULL, 'Pending', 'Siap Diantarkan', NULL, NULL, NULL, NULL),
(193, 'NO-2024-27', 'PC', 'petugas', '2024-08-06', 3, 2, 4, 2, 60000, 'selesai', 70000, 'Lunas', 'Siap Diantarkan', NULL, NULL, NULL, NULL),
(194, 'NO-2024-27', 'PC', 'petugas', '2024-08-06', 3, 1, 2, 1, 60000, 'selesai', 70000, 'Lunas', 'Siap Diantarkan', NULL, NULL, NULL, NULL),
(223, 'NO-2024-29', 'PT Citra Buana', 'petugas', '2024-08-06', 4, 1, 5, 0, 85000, 'selesai', 10000000, 'Lunas', 'Siap Diantarkan', NULL, NULL, NULL, NULL),
(224, 'NO-2024-29', 'PT Citra Buana', 'petugas', '2024-08-06', 7, 3, 5, 0, 85000, 'selesai', 10000000, 'Lunas', 'Siap Diantarkan', NULL, NULL, NULL, NULL),
(225, 'NO-2024-29', 'PT Citra Buana', 'petugas', '2024-08-06', 3, 5, 2, 1, 85000, 'selesai', 10000000, 'Lunas', 'Siap Diantarkan', NULL, NULL, NULL, NULL),
(226, 'NO-2024-30', 'PT Citra Buana', 'petugas', '2024-08-06', 1, 2, 4, 5, 50000, 'selesai', 75000, 'Lunas', 'Siap Diantarkan', NULL, NULL, NULL, NULL),
(245, 'NO-2024-31', 'HP', 'petugas', '2024-08-12', 14, 1, 4, 1, 17000, 'selesai', NULL, 'Pending', 'pending', NULL, NULL, NULL, NULL),
(246, 'NO-2024-31', 'HP', 'petugas', '2024-08-12', 8, 1, 2, 1, 17000, 'selesai', NULL, 'Pending', 'pending', NULL, NULL, NULL, NULL),
(251, 'NO-2024-24', 'PC', 'petugas', '2024-08-05', 8, 2, 5, 0, 50000, 'inprogress', NULL, 'Pending', 'pending', NULL, NULL, NULL, NULL),
(252, 'NO-2024-24', 'PC', 'petugas', '2024-08-05', 5, 1, 2, 1, 50000, 'inprogress', NULL, 'Pending', NULL, NULL, NULL, NULL, NULL),
(253, 'NO-2024-32', 'HP', 'petugas', '2024-08-17', 13, 1, 5, 0, 10000, 'inprogress', NULL, 'Pending', 'pending', NULL, NULL, NULL, NULL);

--
-- Triggers `transaksi`
--
DELIMITER $$
CREATE TRIGGER `cc` AFTER INSERT ON `transaksi` FOR EACH ROW UPDATE minuman SET stok=stok-NEW.total_minuman
WHERE id_minuman=NEW.id_minuman
$$
DELIMITER ;
DELIMITER $$
CREATE TRIGGER `dd` AFTER DELETE ON `transaksi` FOR EACH ROW UPDATE menu SET Stok=Stok+OLD.total_menu
WHERE id_menu=OLD.id_menu
$$
DELIMITER ;
DELIMITER $$
CREATE TRIGGER `ff` AFTER INSERT ON `transaksi` FOR EACH ROW UPDATE menu SET Stok=Stok-NEW.total_menu
WHERE id_menu=NEW.id_menu
$$
DELIMITER ;
DELIMITER $$
CREATE TRIGGER `rr` AFTER DELETE ON `transaksi` FOR EACH ROW UPDATE minuman SET stok=stok+OLD.total_minuman
WHERE id_minuman=OLD.id_minuman
$$
DELIMITER ;

-- --------------------------------------------------------

--
-- Table structure for table `user`
--

CREATE TABLE `user` (
  `id_user` int(11) NOT NULL,
  `nama_user` varchar(255) DEFAULT NULL,
  `username` varchar(255) DEFAULT NULL,
  `Email` varchar(255) DEFAULT NULL,
  `Nomor` int(11) DEFAULT NULL,
  `password` varchar(255) DEFAULT NULL,
  `level` enum('Petugas','Manager','admin','Koki') DEFAULT NULL,
  `foto` varchar(255) DEFAULT NULL,
  `Soft` enum('Deleted','Restore') DEFAULT NULL,
  `create_at` datetime DEFAULT NULL,
  `update_at` datetime DEFAULT NULL,
  `deleted_at` datetime DEFAULT NULL,
  `edit_by` int(11) DEFAULT NULL
) ENGINE=InnoDB DEFAULT CHARSET=utf8mb4 COLLATE=utf8mb4_general_ci;

--
-- Dumping data for table `user`
--

INSERT INTO `user` (`id_user`, `nama_user`, `username`, `Email`, `Nomor`, `password`, `level`, `foto`, `Soft`, `create_at`, `update_at`, `deleted_at`, `edit_by`) VALUES
(24, 'petugas', 'petugas', '0', 0, '3988c7f88ebcb58c6ce932b957b6f332', 'Petugas', 'download.jpeg', 'Restore', NULL, NULL, NULL, NULL),
(25, 'manager', 'Manager', '0', 0, '76ba9f564ebbc35b1014ac498fafadd0', 'Manager', 'download.jpeg', 'Restore', NULL, NULL, NULL, NULL),
(26, 'Koki', 'Koki', '0', 0, 'a9eb812238f753132652ae09963a05e9', 'Koki', 'download.jpeg', 'Restore', NULL, NULL, NULL, NULL),
(28, 'admin', 'admin', '111@gmail.com', 2147483647, '801c14f07f9724229175b8ef8b4585a8', 'admin', 'Screenshot 2024-08-08 173010.png', 'Restore', NULL, NULL, NULL, NULL),
(40, 'Juno', 'Juli', '0', 0, '3988c7f88ebcb58c6ce932b957b6f332', 'Petugas', 'download.jpeg', 'Deleted', NULL, NULL, NULL, NULL),
(41, '', '', '0', 0, '3988c7f88ebcb58c6ce932b957b6f332', 'Petugas', 'download.jpeg', 'Deleted', NULL, NULL, NULL, NULL),
(42, '', '', '0', 0, '3988c7f88ebcb58c6ce932b957b6f332', 'Petugas', 'download.jpeg', 'Deleted', NULL, NULL, NULL, NULL),
(43, '', '', '0', 0, '3988c7f88ebcb58c6ce932b957b6f332', 'Petugas', 'download.jpeg', 'Deleted', NULL, NULL, NULL, NULL),
(44, '', '', '0', 0, '3988c7f88ebcb58c6ce932b957b6f332', 'Petugas', 'download.jpeg', 'Deleted', NULL, NULL, NULL, NULL),
(45, '', '', '0', 0, '3988c7f88ebcb58c6ce932b957b6f332', 'Petugas', 'download.jpeg', 'Deleted', NULL, NULL, NULL, NULL),
(46, '', '', '0', 0, '3988c7f88ebcb58c6ce932b957b6f332', 'Petugas', 'download.jpeg', 'Deleted', NULL, NULL, NULL, NULL);

--
-- Indexes for dumped tables
--

--
-- Indexes for table `activity_log`
--
ALTER TABLE `activity_log`
  ADD PRIMARY KEY (`id`);

--
-- Indexes for table `logo`
--
ALTER TABLE `logo`
  ADD PRIMARY KEY (`id_logo`);

--
-- Indexes for table `menu`
--
ALTER TABLE `menu`
  ADD PRIMARY KEY (`id_menu`);

--
-- Indexes for table `menu_backup`
--
ALTER TABLE `menu_backup`
  ADD PRIMARY KEY (`id_menu`);

--
-- Indexes for table `minuman`
--
ALTER TABLE `minuman`
  ADD PRIMARY KEY (`id_minuman`);

--
-- Indexes for table `minuman_backup`
--
ALTER TABLE `minuman_backup`
  ADD PRIMARY KEY (`id_minuman`);

--
-- Indexes for table `transaksi`
--
ALTER TABLE `transaksi`
  ADD PRIMARY KEY (`id_transaksi`);

--
-- Indexes for table `user`
--
ALTER TABLE `user`
  ADD PRIMARY KEY (`id_user`);

--
-- AUTO_INCREMENT for dumped tables
--

--
-- AUTO_INCREMENT for table `activity_log`
--
ALTER TABLE `activity_log`
  MODIFY `id` int(11) NOT NULL AUTO_INCREMENT, AUTO_INCREMENT=1089;

--
-- AUTO_INCREMENT for table `logo`
--
ALTER TABLE `logo`
  MODIFY `id_logo` int(11) NOT NULL AUTO_INCREMENT, AUTO_INCREMENT=2;

--
-- AUTO_INCREMENT for table `menu`
--
ALTER TABLE `menu`
  MODIFY `id_menu` int(11) NOT NULL AUTO_INCREMENT, AUTO_INCREMENT=23;

--
-- AUTO_INCREMENT for table `menu_backup`
--
ALTER TABLE `menu_backup`
  MODIFY `id_menu` int(11) NOT NULL AUTO_INCREMENT, AUTO_INCREMENT=23;

--
-- AUTO_INCREMENT for table `minuman`
--
ALTER TABLE `minuman`
  MODIFY `id_minuman` int(11) NOT NULL AUTO_INCREMENT, AUTO_INCREMENT=12;

--
-- AUTO_INCREMENT for table `minuman_backup`
--
ALTER TABLE `minuman_backup`
  MODIFY `id_minuman` int(11) NOT NULL AUTO_INCREMENT, AUTO_INCREMENT=12;

--
-- AUTO_INCREMENT for table `transaksi`
--
ALTER TABLE `transaksi`
  MODIFY `id_transaksi` int(11) NOT NULL AUTO_INCREMENT, AUTO_INCREMENT=254;

--
-- AUTO_INCREMENT for table `user`
--
ALTER TABLE `user`
  MODIFY `id_user` int(11) NOT NULL AUTO_INCREMENT, AUTO_INCREMENT=47;
COMMIT;

/*!40101 SET CHARACTER_SET_CLIENT=@OLD_CHARACTER_SET_CLIENT */;
/*!40101 SET CHARACTER_SET_RESULTS=@OLD_CHARACTER_SET_RESULTS */;
/*!40101 SET COLLATION_CONNECTION=@OLD_COLLATION_CONNECTION */;
